Date & Time,Date & Time,Date & Time,Mannerheimintie,M채kel채nkatu2,Kallio2,Vartiokyl채,Lepp채vaara4,Tikkurila3,Luukki,Lohja,Kerava(M5),Lentoasema(M4),Mechelininkatu(M1),Olari(M2),Rekola(M3)
1,0,0,39.8,47.6,51.6,47.0,27.2,28.6,51.0,26.0,16.4,38.6,30.2,26.4,21.0
1,0,1,45.4,49.8,53.0,50.0,37.6,27.6,51.2,27.6,19.6,32.2,28.8,27.0,22.2
1,0,2,34.0,49.8,52.6,51.4,27.4,29.2,50.4,26.0,18.2,29.2,26.8,27.6,26.6
1,0,3,31.0,48.4,51.0,50.0,26.4,29.2,50.4,26.0,18.4,28.2,25.2,26.2,27.4
1,0,4,33.0,44.4,47.6,47.4,26.0,22.4,48.0,22.8,18.6,25.2,20.6,23.6,20.0
1,0,5,25.4,40.8,46.0,45.4,26.2,21.8,46.4,19.8,16.6,31.6,26.8,26.0,22.0
1,0,6,40.2,61.6,43.8,44.6,32.2,29.6,45.8,21.8,23.0,43.2,50.6,33.8,24.0
1,0,7,48.2,68.8,39.6,40.6,43.6,43.8,46.8,25.2,28.2,51.0,61.2,37.6,29.4
1,0,8,54.2,72.6,41.6,38.2,47.0,52.2,46.4,28.0,33.8,38.6,70.2,44.0,37.6
1,0,9,59.8,74.0,41.8,38.6,48.4,51.8,44.2,21.2,36.4,35.2,71.6,47.2,39.8
1,0,10,60.2,69.4,46.2,42.6,45.8,49.6,40.2,23.6,37.0,42.2,52.6,50.2,37.2
1,0,11,59.2,73.4,50.0,45.2,45.2,48.8,40.2,23.0,36.4,53.8,52.8,42.8,37.6
1,0,12,60.0,73.8,48.4,50.2,47.6,50.4,39.6,19.2,36.6,52.8,65.4,42.6,38.8
1,0,13,55.0,65.0,46.0,45.2,46.8,50.8,41.2,18.8,37.2,51.2,62.8,38.4,41.8
1,0,14,55.2,68.8,42.4,40.2,42.2,50.4,42.2,21.8,39.0,47.8,63.0,35.6,39.8
1,0,15,56.8,74.2,45.0,41.0,48.8,50.4,42.0,22.4,36.0,51.6,67.6,38.8,32.6
1,0,16,58.6,73.4,45.4,42.2,53.8,47.4,40.4,23.8,34.6,48.6,68.8,42.6,35.4
1,0,17,50.6,60.8,43.8,40.2,49.2,39.4,41.6,21.0,30.6,40.4,58.6,42.8,34.4
1,0,18,41.4,53.0,45.6,41.6,37.8,35.2,42.8,21.4,26.2,32.8,46.4,38.8,31.2
1,0,19,37.2,47.0,46.8,44.2,35.4,33.2,41.2,18.8,22.8,31.0,42.0,32.2,27.2
1,0,20,34.6,45.4,45.8,42.0,31.2,27.0,42.8,18.6,19.6,27.4,38.6,30.0,25.0
1,0,21,40.6,38.2,40.2,41.6,23.4,27.0,44.2,17.2,18.0,27.2,41.4,28.8,23.6
1,0,22,35.2,41.4,42.2,43.4,21.6,26.6,44.2,14.6,13.0,28.2,33.6,26.8,20.0
1,0,23,29.4,41.4,43.8,45.0,18.2,20.8,44.4,13.0,12.8,27.4,26.2,25.8,10.8
1,1,0,36.6,37.2,42.4,42.6,20.8,19.6,45.8,14.0,10.4,25.4,20.2,24.4,9.2
1,1,1,42.2,39.4,41.4,41.8,33.0,19.2,46.4,14.0,16.8,22.8,17.4,21.4,14.4
1,1,2,28.8,43.2,45.0,44.0,14.6,14.0,46.2,14.4,13.4,18.0,13.8,17.2,14.0
1,1,3,23.0,44.2,45.4,45.6,14.8,15.8,46.8,13.0,11.0,19.0,14.0,16.6,13.6
1,1,4,19.4,39.4,44.8,45.8,14.8,15.0,48.0,15.8,16.6,20.0,18.8,16.2,13.6
1,1,5,25.8,41.0,42.0,44.2,17.2,19.0,47.6,14.2,16.4,27.6,26.4,17.0,16.8
1,1,6,39.0,55.8,37.6,44.2,26.8,25.2,48.2,13.8,18.8,35.4,49.0,21.4,26.0
1,1,7,46.0,65.8,35.8,38.0,39.0,34.0,47.8,15.6,30.2,43.6,59.2,32.2,18.0
1,1,8,56.6,69.4,39.4,38.0,43.4,32.4,47.6,15.2,30.2,39.6,66.2,31.6,17.8
1,1,9,58.0,68.0,38.4,39.0,39.6,29.2,47.8,15.8,30.2,34.4,69.4,30.6,22.2
1,1,10,61.8,58.8,39.2,39.4,38.8,29.4,48.2,15.0,36.4,36.0,63.0,34.4,23.8
1,1,11,55.0,63.6,43.8,40.8,37.8,32.8,48.0,16.0,31.4,38.4,58.6,34.0,19.6
1,1,12,53.8,64.6,47.8,46.0,38.4,34.8,49.4,19.6,42.6,38.4,60.8,32.2,27.2
1,1,13,58.4,64.8,48.4,44.6,38.2,37.4,48.6,19.0,38.4,43.4,61.2,32.0,26.6
1,1,14,61.0,70.6,49.0,43.6,41.0,38.8,50.0,22.8,35.4,43.4,65.2,33.8,31.4
1,1,15,55.4,70.8,50.8,41.4,49.0,43.8,47.6,30.4,35.2,53.2,65.8,39.2,33.2
1,1,16,58.6,73.4,51.2,42.8,53.4,45.2,47.2,35.0,43.4,59.2,72.4,47.6,35.0
1,1,17,59.8,68.6,53.2,50.4,57.4,47.4,47.4,39.2,40.4,53.2,68.0,44.4,40.2
1,1,18,56.2,63.0,52.6,50.4,52.6,43.4,46.4,35.4,48.6,48.4,61.8,46.2,37.8
1,1,19,50.2,61.0,52.8,48.6,47.6,44.8,48.6,35.8,37.8,47.2,55.4,46.4,40.4
1,1,20,49.8,55.2,54.6,48.8,42.4,43.6,48.2,33.2,31.2,44.4,51.8,41.2,44.0
1,1,21,58.6,55.0,56.6,53.8,45.2,39.2,48.6,30.6,34.8,41.4,50.0,42.8,38.6
1,1,22,54.4,57.8,58.6,52.2,42.8,41.8,48.8,28.0,39.8,47.6,46.4,40.2,28.0
1,1,23,45.6,54.2,56.0,50.8,42.8,35.6,47.6,27.4,38.6,40.2,44.0,40.0,30.6
1,2,0,43.25,54.0,56.0,55.5,38.75,35.75,49.25,30.5,39.25,40.75,30.5,43.75,27.75
1,2,1,48.5,50.25,52.0,50.0,39.75,38.25,49.75,29.0,40.5,39.75,25.25,31.0,34.75
1,2,2,42.0,48.5,50.0,47.75,33.25,30.25,48.25,26.75,34.0,36.5,23.5,29.75,23.0
1,2,3,49.75,48.25,51.5,49.0,32.0,30.25,48.5,29.0,29.75,27.5,24.0,32.5,32.0
1,2,4,47.5,48.5,53.0,49.25,33.75,35.25,49.5,28.25,31.0,32.75,26.25,33.0,22.75
1,2,5,41.0,49.75,49.25,48.0,40.25,38.5,48.75,29.75,27.5,45.75,34.25,34.75,30.75
1,2,6,52.5,61.75,45.0,47.0,49.75,40.5,48.5,33.5,37.0,45.5,50.5,37.75,41.25
1,2,7,56.75,68.0,49.25,51.5,57.5,53.25,48.0,36.5,46.0,61.0,63.75,45.5,33.5
1,2,8,49.75,70.0,52.0,50.5,57.25,55.25,52.25,37.0,47.75,58.25,66.75,50.5,33.75
1,2,9,56.25,71.0,51.25,52.0,52.0,52.75,51.25,31.5,49.75,56.25,70.0,42.5,43.0
1,2,10,57.25,69.5,51.0,52.75,49.75,50.0,53.5,31.0,50.0,50.75,62.25,40.25,39.333333333333336
1,2,11,59.0,63.5,51.75,53.75,49.0,50.75,54.5,31.25,45.75,48.0,60.25,41.0,41.0
1,2,12,58.0,76.0,51.25,52.0,51.75,46.5,54.0,29.75,38.25,54.25,59.75,43.5,43.666666666666664
1,2,13,56.25,75.5,51.25,52.25,48.25,48.5,53.75,30.5,40.25,52.25,56.75,44.0,41.333333333333336
1,2,14,61.75,73.5,50.75,50.0,42.5,46.5,54.25,29.5,47.5,46.5,58.75,44.25,39.0
1,2,15,51.5,74.75,48.75,48.75,47.0,52.5,51.25,29.25,48.0,52.0,60.0,42.5,38.666666666666664
1,2,16,51.0,77.0,50.75,51.5,48.5,51.75,50.0,28.75,50.0,46.25,62.5,41.75,33.333333333333336
1,2,17,54.0,72.0,51.0,50.5,42.0,43.5,51.75,29.5,48.5,43.5,52.5,39.25,37.666666666666664
1,2,18,51.75,63.5,51.0,52.0,42.5,41.0,51.0,29.75,41.5,46.5,49.25,41.25,42.333333333333336
1,2,19,45.75,58.0,51.75,52.0,39.5,40.75,51.75,29.75,38.0,40.75,44.25,39.5,41.0
1,2,20,43.5,57.0,49.75,51.5,38.75,43.25,51.5,28.0,35.5,48.25,42.5,37.25,41.666666666666664
1,2,21,52.5,55.75,48.75,48.0,37.5,38.0,51.5,26.0,30.25,40.0,43.75,34.25,38.0
1,2,22,42.25,51.5,47.25,47.5,34.75,33.0,50.75,23.5,29.0,30.75,35.75,31.0,32.0
1,2,23,34.25,46.75,47.5,46.0,31.25,29.75,48.5,21.75,26.0,40.25,28.75,30.75,9.0
1,3,0,37.25,46.75,47.5,46.25,32.5,23.75,47.25,21.0,31.0,27.75,26.0,28.0,19.0
1,3,1,37.75,45.25,46.5,47.0,33.5,23.25,47.75,19.5,25.25,30.0,22.75,26.0,18.666666666666668
1,3,2,31.75,46.5,47.0,47.5,25.75,22.75,47.0,18.75,21.25,29.5,24.25,22.75,24.333333333333332
1,3,3,25.5,46.5,46.75,46.75,25.75,20.25,46.0,18.5,18.5,18.5,20.25,22.25,23.666666666666668
1,3,4,26.75,46.25,47.0,45.25,27.5,20.75,45.75,22.0,21.0,26.25,25.0,21.5,25.0
1,3,5,24.5,45.0,45.75,42.75,25.0,22.5,46.0,24.0,19.75,36.75,23.75,21.75,25.333333333333332
1,3,6,35.0,58.5,42.25,42.25,35.0,29.25,45.5,21.0,25.0,40.75,41.25,27.0,24.333333333333332
1,3,7,45.0,62.5,40.25,38.75,47.25,41.25,45.5,25.5,39.5,50.5,61.5,36.25,24.0
1,3,8,49.75,67.75,42.5,36.25,51.25,46.0,46.0,22.5,41.5,53.75,65.5,40.5,21.0
1,3,9,54.0,69.5,43.25,38.0,50.75,44.75,48.0,24.75,39.75,50.5,72.0,35.75,30.25
1,3,10,53.5,63.75,41.25,39.75,47.0,42.5,45.25,27.75,43.0,51.0,61.0,36.75,32.25
1,3,11,53.75,65.25,42.25,42.0,41.5,44.75,47.25,27.75,33.5,46.75,60.25,35.5,30.0
1,3,12,55.5,56.5,38.25,40.5,35.75,41.5,48.0,30.75,42.0,44.75,55.5,33.75,34.5
1,3,13,51.0,53.25,45.0,41.25,37.5,42.5,47.5,29.5,42.75,43.0,55.75,37.5,29.25
1,3,14,55.25,57.0,41.0,43.5,40.0,43.5,46.0,26.0,48.0,46.75,59.5,37.5,32.0
1,3,15,56.0,62.5,41.75,43.5,47.5,49.75,46.25,28.25,42.25,53.75,63.75,38.5,42.25
1,3,16,52.75,59.5,42.25,48.75,47.75,49.0,47.25,28.75,34.75,56.25,67.25,40.0,38.0
1,3,17,53.75,60.25,45.25,40.75,48.75,44.75,45.5,28.75,29.0,53.5,62.0,39.5,37.5
1,3,18,54.5,57.75,43.25,41.0,48.25,45.75,45.75,29.25,28.5,42.75,61.0,38.0,38.0
1,3,19,46.75,49.25,40.5,38.5,43.25,44.0,46.5,30.0,28.5,45.0,51.5,38.75,34.5
1,3,20,46.25,52.0,39.75,42.25,45.0,40.75,49.5,27.0,28.0,44.25,51.5,38.5,37.25
1,3,21,53.0,53.25,42.5,49.0,42.0,42.75,48.0,27.0,29.5,43.75,58.0,40.75,31.75
1,3,22,47.75,47.5,44.25,51.25,33.75,41.5,50.25,39.75,28.0,46.5,57.25,36.25,33.5
1,3,23,42.5,49.5,46.75,47.5,34.75,38.25,50.75,38.0,26.5,51.0,44.25,32.25,29.0
1,4,0,50.5,43.75,46.5,47.0,42.0,39.0,49.0,30.5,27.25,46.0,38.75,32.75,24.5
1,4,1,49.5,43.75,48.5,47.5,40.75,39.25,49.0,23.75,28.5,40.25,34.5,32.25,27.5
1,4,2,44.0,44.75,49.25,47.25,31.0,40.0,47.75,23.0,26.5,42.75,34.5,30.75,28.5
1,4,3,47.5,42.25,46.5,48.25,31.25,35.0,46.25,19.5,26.5,39.25,31.75,29.0,28.5
1,4,4,46.25,43.25,44.25,46.75,30.75,32.75,40.5,17.0,24.0,40.25,32.5,28.5,25.25
1,4,5,38.0,41.5,41.5,46.5,27.5,33.75,40.25,20.0,27.25,45.5,37.5,27.0,31.0
1,4,6,44.75,61.75,42.5,41.25,43.75,41.0,40.75,24.75,28.75,49.25,54.0,33.25,28.75
1,4,7,52.25,71.5,48.5,45.75,61.5,56.25,38.0,27.5,37.25,62.75,70.5,46.5,39.0
1,4,8,62.5,73.25,48.75,49.25,69.5,59.25,37.75,29.25,53.5,66.0,72.75,65.0,47.25
1,4,9,66.25,71.75,55.25,50.25,65.0,59.25,41.0,31.5,45.25,59.0,79.75,61.75,48.0
1,4,10,65.5,70.75,56.75,41.5,59.75,54.25,26.75,26.75,46.0,56.75,74.0,62.0,51.25
1,4,11,62.75,73.25,51.0,46.75,59.5,52.0,28.75,29.75,48.0,54.5,71.0,54.0,42.75
1,4,12,60.5,73.25,55.0,54.0,52.75,52.25,27.75,28.25,43.5,48.5,70.75,46.75,39.0
1,4,13,61.5,71.0,57.25,53.25,59.25,52.75,41.25,30.25,40.0,47.25,73.75,56.75,43.25
1,4,14,63.25,64.5,56.0,54.5,66.0,59.5,43.0,31.0,47.25,57.5,72.75,60.5,48.5
1,4,15,64.75,79.5,58.75,65.25,67.5,70.0,55.5,36.0,56.5,70.0,76.75,62.25,47.25
1,4,16,68.0,78.5,60.75,59.0,73.0,68.25,47.5,39.5,57.5,65.25,75.5,66.0,52.0
1,4,17,64.0,76.0,58.75,59.5,71.5,66.25,45.25,40.0,54.0,62.0,73.75,70.5,52.25
1,4,18,64.25,72.25,59.25,63.5,63.75,61.5,44.25,36.5,56.25,54.0,70.5,54.5,49.25
1,4,19,57.25,67.25,58.5,63.0,55.75,58.75,42.5,35.5,51.5,55.5,63.5,55.25,50.0
1,4,20,45.5,64.5,59.0,69.5,54.75,67.25,46.25,38.0,49.25,57.0,48.5,48.5,51.0
1,4,21,46.0,52.75,51.0,73.75,52.0,73.5,43.25,34.5,47.5,53.5,51.25,43.25,56.25
1,4,22,46.5,51.5,47.5,66.5,44.0,72.25,38.75,29.5,44.25,49.5,44.25,32.0,58.25
1,4,23,38.25,50.0,47.0,67.5,33.0,48.0,44.0,27.25,39.0,50.5,40.5,36.5,46.75
2,0,0,30.0,51.75,53.75,53.25,18.5,20.25,54.25,12.5,15.25,29.0,22.0,19.25,14.5
2,0,1,45.25,53.0,54.0,55.75,27.75,17.5,54.0,12.5,13.5,22.0,26.75,17.5,17.75
2,0,2,30.75,53.5,53.75,55.0,19.75,22.5,53.5,12.75,14.0,26.75,19.75,17.25,18.5
2,0,3,31.75,51.25,52.25,53.5,19.5,18.5,53.75,18.25,12.5,22.5,17.5,17.25,18.75
2,0,4,32.0,51.5,50.25,51.75,22.25,21.0,53.25,15.5,16.75,29.0,21.5,18.0,23.25
2,0,5,32.75,55.5,53.25,50.25,29.5,28.25,51.75,22.5,22.75,38.0,33.25,22.5,21.75
2,0,6,48.5,68.25,56.75,50.5,37.0,41.75,49.75,22.0,28.75,43.25,48.75,32.75,32.25
2,0,7,55.75,70.25,50.75,52.75,53.5,49.0,48.25,23.25,33.5,56.0,60.75,39.75,27.5
2,0,8,57.0,71.5,50.75,51.5,55.0,52.5,50.75,22.5,46.75,51.25,63.5,39.5,32.25
2,0,9,57.5,72.25,47.75,54.5,51.5,39.75,54.75,21.25,46.0,43.0,72.5,37.5,28.5
2,0,10,64.75,68.25,45.5,52.5,47.5,44.5,55.25,21.0,47.5,42.5,65.75,38.5,22.75
2,0,11,62.75,61.25,45.5,48.0,42.25,37.25,54.75,18.0,37.0,38.0,53.75,35.75,22.5
2,0,12,62.0,66.0,49.0,54.75,44.0,34.25,56.75,20.5,38.75,37.25,55.75,36.25,22.75
2,0,13,61.0,67.25,48.25,56.75,47.0,34.5,57.25,20.25,40.5,32.5,49.25,40.5,21.75
2,0,14,61.5,69.25,51.25,56.25,56.75,33.0,55.25,19.75,33.0,33.25,51.25,41.0,18.5
2,0,15,56.0,71.25,48.75,55.25,55.25,36.75,53.5,25.5,32.0,48.0,45.5,41.0,17.25
2,0,16,56.5,68.5,47.5,54.0,57.75,37.5,53.25,33.75,38.5,47.5,57.75,48.25,26.25
2,0,17,58.75,65.25,50.25,52.5,56.75,30.25,53.75,24.25,39.5,42.5,63.75,49.25,29.0
2,0,18,49.75,59.75,49.0,53.75,48.75,30.0,55.25,21.75,37.75,39.75,48.5,41.25,41.0
2,0,19,45.75,53.5,52.75,56.75,41.0,25.75,53.25,22.25,25.25,40.75,35.25,36.25,32.75
2,0,20,39.0,48.5,50.0,55.75,35.25,25.0,52.75,19.5,16.25,36.75,28.75,24.25,30.5
2,0,21,42.0,47.5,48.5,54.75,30.5,21.25,53.25,17.75,13.75,33.0,28.0,23.25,19.0
2,0,22,41.25,48.25,51.0,54.5,27.5,19.5,52.75,15.0,13.5,28.5,25.0,20.75,16.75
2,0,23,36.25,48.75,51.25,54.25,23.25,21.25,52.0,14.75,10.5,32.75,22.25,18.5,26.75
2,1,0,45.75,50.25,51.5,53.5,20.25,16.5,53.5,13.75,14.5,29.25,24.75,18.0,9.5
2,1,1,43.25,49.75,50.0,53.5,29.0,13.0,52.5,12.5,13.0,17.75,18.75,20.0,11.25
2,1,2,35.0,50.75,49.75,52.5,22.0,13.5,51.0,19.25,11.75,24.25,14.5,19.25,12.0
2,1,3,29.0,48.75,48.75,50.75,17.25,15.75,49.25,22.0,13.5,19.75,15.25,21.5,16.5
2,1,4,31.0,45.25,46.0,49.0,20.0,19.75,46.75,18.5,10.0,24.5,18.75,24.25,12.75
2,1,5,31.0,41.0,43.5,47.0,22.5,24.0,45.75,19.25,11.25,39.25,25.0,25.5,15.75
2,1,6,48.75,52.0,41.25,44.0,29.5,25.5,44.5,18.75,25.75,39.75,42.0,29.75,18.5
2,1,7,67.25,60.0,44.5,40.75,47.0,33.0,42.75,28.0,51.0,51.25,60.0,41.75,27.0
2,1,8,63.0,67.75,51.25,39.75,52.5,40.5,44.0,30.25,53.25,51.75,65.75,51.0,28.0
2,1,9,65.0,57.0,49.5,44.75,52.25,34.75,31.5,36.75,44.5,45.0,63.5,41.5,25.5
2,1,10,68.25,53.25,50.0,45.0,40.75,32.0,49.5,34.25,42.25,35.75,57.75,37.0,28.25
2,1,11,74.0,53.25,46.75,45.75,35.75,28.25,55.5,31.0,35.25,43.25,54.0,32.75,20.75
2,1,12,68.25,53.0,48.75,48.25,37.25,29.25,56.75,36.0,45.0,41.5,55.0,35.75,20.0
2,1,13,73.0,57.25,50.25,55.5,36.0,28.5,59.75,27.25,46.25,37.5,46.0,35.75,35.25
2,1,14,74.75,57.5,50.5,55.0,40.25,28.0,59.75,37.0,34.5,39.0,46.75,37.0,27.25
2,1,15,76.75,62.75,50.75,53.75,45.25,34.25,57.0,29.25,40.5,54.5,64.0,38.25,19.5
2,1,16,73.0,66.0,52.5,49.25,51.25,39.75,55.25,39.5,46.75,59.5,67.25,48.5,31.0
2,1,17,75.0,72.25,53.75,47.75,61.0,43.5,53.75,50.25,64.25,62.5,68.25,52.75,37.75
2,1,18,74.25,73.5,49.75,49.0,63.25,39.75,54.0,54.75,74.75,59.0,67.25,49.5,40.25
2,1,19,77.0,73.0,51.25,49.0,64.5,41.0,51.0,48.0,58.75,57.5,62.75,47.5,46.0
2,1,20,73.0,61.5,51.0,49.5,53.5,45.25,49.0,44.5,50.75,56.75,61.25,43.0,43.75
2,1,21,74.0,52.75,51.5,49.5,52.5,45.0,45.0,43.0,45.75,51.25,67.75,39.75,43.0
2,1,22,73.0,53.75,50.75,45.0,60.75,48.0,45.75,40.75,45.75,66.0,63.75,49.25,41.5
2,1,23,68.75,57.5,49.25,43.5,55.5,55.25,38.75,39.5,45.5,65.75,61.75,50.25,44.5
2,2,0,59.5,46.5,47.0,40.75,42.5,46.25,40.25,26.75,36.0,52.0,39.75,32.5,33.75
2,2,1,56.0,50.0,46.75,38.25,39.5,43.5,40.25,19.0,33.0,43.75,31.75,34.0,36.75
2,2,2,54.0,50.25,44.25,36.25,39.25,37.25,38.75,26.75,27.75,30.25,33.5,34.75,31.5
2,2,3,54.75,46.5,44.5,36.25,30.75,40.25,39.25,25.75,26.5,31.0,37.5,26.25,41.5
2,2,4,52.0,57.5,42.5,38.25,27.0,42.75,37.75,24.0,25.75,42.5,42.0,21.75,42.0
2,2,5,52.75,71.5,44.25,37.5,38.75,45.5,35.0,25.5,32.25,54.0,50.75,29.0,33.25
2,2,6,73.5,97.75,57.0,45.25,58.75,56.75,34.75,25.0,51.75,68.25,81.75,52.0,34.75
2,2,7,74.75,99.75,62.75,53.25,70.5,66.25,33.5,45.25,62.0,76.5,97.5,59.5,42.75
2,2,8,80.5,109.0,67.5,56.25,74.0,69.25,38.5,39.5,64.5,75.25,96.0,53.75,49.25
2,2,9,85.5,111.75,65.5,57.5,61.25,51.0,35.75,32.0,57.5,63.5,101.5,49.75,40.0
2,2,10,89.0,107.0,62.75,58.5,62.75,54.0,43.75,26.25,47.25,66.0,98.75,51.75,36.25
2,2,11,86.0,109.0,64.25,53.25,63.75,48.25,43.25,24.0,45.25,65.5,94.75,51.5,44.75
2,2,12,89.0,95.0,61.5,54.5,67.0,46.75,53.0,19.0,48.25,71.75,103.75,56.0,33.0
2,2,13,83.75,98.5,56.5,51.5,63.25,42.25,54.5,22.0,49.0,74.0,93.25,58.0,30.25
2,2,14,84.25,102.75,57.5,48.5,59.75,39.5,52.75,35.75,48.0,81.0,96.5,53.25,25.5
2,2,15,85.5,88.75,57.5,49.75,64.25,43.75,51.5,35.25,47.5,90.5,85.25,61.25,26.25
2,2,16,82.5,96.25,58.25,50.25,78.0,58.5,51.0,35.0,55.25,95.5,75.75,73.75,34.25
2,2,17,80.5,88.75,59.5,56.0,78.75,57.75,52.0,35.5,55.25,87.5,72.0,62.25,48.75
2,2,18,68.5,78.5,53.75,55.0,68.25,48.0,51.75,39.5,55.25,79.75,61.75,56.0,54.25
2,2,19,59.0,76.5,52.5,49.5,64.5,44.0,47.5,37.75,48.25,54.75,53.25,48.75,42.25
2,2,20,53.0,67.0,50.0,50.0,61.75,38.0,45.0,27.75,39.5,54.75,47.75,48.5,37.5
2,2,21,59.75,60.5,48.75,50.0,56.5,38.0,41.0,21.75,41.75,52.5,50.5,39.0,33.75
2,2,22,52.5,52.25,50.5,49.5,47.75,30.0,41.75,19.5,31.5,45.5,37.75,35.75,30.0
2,2,23,43.5,52.25,48.5,46.75,39.75,28.0,41.25,18.5,21.75,40.0,24.5,40.0,22.75
2,3,0,47.25,49.25,49.5,47.25,34.25,24.0,41.5,16.0,18.0,33.5,21.5,30.25,22.25
2,3,1,48.0,50.25,50.75,46.75,40.5,26.0,41.0,21.5,15.75,30.0,21.75,30.0,21.75
2,3,2,38.75,47.25,49.75,47.5,35.75,28.0,45.75,23.0,14.75,30.25,21.0,34.5,22.5
2,3,3,39.75,47.75,50.25,46.75,33.25,28.75,47.5,29.25,20.0,31.5,24.5,37.25,26.5
2,3,4,39.25,47.75,48.5,47.25,29.75,30.75,48.0,31.0,21.0,36.5,29.0,33.0,31.25
2,3,5,33.75,54.0,45.75,46.75,34.75,34.75,47.75,30.5,24.5,42.5,31.75,30.0,34.0
2,3,6,38.5,78.0,47.0,50.75,41.75,40.0,47.5,35.75,36.75,47.5,56.5,36.0,32.75
2,3,7,55.5,85.0,52.5,53.5,51.75,50.0,46.0,48.75,41.0,48.25,69.5,45.5,35.75
2,3,8,59.0,81.25,51.0,52.75,57.75,56.0,51.25,45.0,46.5,48.5,74.25,56.75,45.0
2,3,9,59.0,88.75,51.25,50.5,53.5,57.5,47.75,41.0,46.0,56.25,79.5,50.75,45.75
2,3,10,59.5,77.75,51.25,42.75,47.25,47.25,48.25,39.0,53.25,42.5,67.75,47.25,36.5
2,3,11,64.0,71.75,50.5,47.25,46.25,33.25,47.0,38.75,38.0,43.0,63.5,51.25,31.25
2,3,12,65.75,73.25,49.75,44.0,50.75,39.75,48.75,38.5,34.0,43.75,62.75,54.25,34.75
2,3,13,62.0,71.5,51.5,46.25,50.25,43.25,49.75,29.25,35.75,44.0,65.75,56.0,29.25
2,3,14,61.5,74.25,57.0,48.5,54.0,44.0,50.25,24.75,43.0,46.5,71.5,55.75,29.75
2,3,15,59.75,76.0,55.25,57.0,60.25,53.75,48.0,31.75,44.25,58.5,76.75,58.0,29.75
2,3,16,62.75,78.0,59.0,61.5,60.5,56.5,48.5,41.75,46.5,58.5,74.5,58.75,44.5
2,3,17,59.25,72.5,60.25,61.5,59.25,56.75,52.5,42.0,57.25,60.5,69.0,55.5,50.0
2,3,18,56.0,66.0,58.0,57.0,61.75,50.75,54.5,40.25,61.25,58.75,63.5,52.0,53.0
2,3,19,53.75,55.75,56.0,53.25,55.25,52.5,52.25,44.0,48.75,53.75,57.0,53.25,47.5
2,3,20,52.5,59.25,59.25,54.5,50.75,51.5,51.75,48.25,43.5,54.5,52.5,51.25,45.0
2,3,21,56.0,56.25,61.25,55.25,51.0,54.0,51.0,46.25,40.0,55.5,58.5,50.75,46.0
2,3,22,60.5,57.75,62.25,57.5,47.0,54.75,52.5,41.5,35.0,55.0,57.0,49.5,48.0
2,3,23,53.75,56.25,62.75,59.5,47.5,52.25,57.5,39.25,36.75,53.5,53.25,46.25,51.5
2,4,0,54.5,51.25,58.5,59.5,45.0,50.25,53.75,40.5,45.5,50.5,49.5,46.0,45.25
2,4,1,52.5,52.0,57.5,59.0,50.5,48.75,55.5,41.75,42.5,50.25,45.25,47.25,44.0
2,4,2,55.0,51.25,57.75,58.25,44.75,48.0,50.5,41.5,40.5,49.0,46.0,49.5,40.75
2,4,3,52.5,50.25,58.75,58.5,51.75,47.5,52.75,41.5,39.5,47.0,45.25,53.5,44.25
2,4,4,50.75,55.0,59.25,60.5,49.0,50.75,56.75,42.0,42.25,51.0,45.5,50.25,37.75
2,4,5,47.25,55.0,61.0,61.25,46.5,48.25,54.75,43.5,38.25,49.75,50.25,50.0,39.75
2,4,6,54.25,67.75,62.5,61.5,54.0,54.5,56.5,45.5,42.75,58.25,60.0,53.25,45.25
2,4,7,67.5,74.75,62.0,59.75,62.5,63.5,57.0,47.0,55.25,62.0,68.0,58.5,46.0
2,4,8,66.75,77.25,62.5,56.75,60.5,64.0,55.25,47.25,52.0,61.0,69.5,66.5,54.25
2,4,9,66.5,72.25,64.0,57.75,53.25,57.75,56.0,47.0,47.5,63.0,70.25,57.75,46.25
2,4,10,61.5,68.75,62.0,57.75,50.0,52.5,57.0,44.25,50.25,52.75,65.25,54.25,47.5
2,4,11,62.5,67.75,61.75,56.5,51.0,51.75,55.5,40.25,51.0,51.5,62.5,51.25,43.0
2,4,12,57.5,68.5,58.0,55.5,55.75,50.0,51.75,37.25,44.25,50.25,65.5,51.5,35.5
2,4,13,57.25,67.5,53.5,51.75,55.25,44.5,51.5,37.75,43.5,53.5,61.0,47.5,34.0
2,4,14,52.5,69.25,54.25,49.25,55.25,42.25,51.5,40.0,48.75,59.25,56.25,44.5,34.5
2,4,15,49.5,74.5,50.25,49.25,58.5,45.5,51.75,49.5,48.0,63.25,61.75,43.25,33.0
2,4,16,48.25,77.0,49.25,49.0,53.0,50.75,51.5,44.0,42.0,68.75,63.5,43.25,37.0
2,4,17,51.25,69.25,51.5,52.5,54.0,54.0,52.75,42.75,46.5,65.25,62.5,40.5,41.25
2,4,18,47.5,70.25,47.25,54.0,51.5,50.5,50.0,35.75,44.75,57.5,59.0,43.25,39.25
2,4,19,43.0,60.5,50.75,58.0,47.5,52.25,50.25,38.0,42.0,60.5,45.0,45.5,38.5
2,4,20,43.25,62.5,49.5,58.5,45.5,50.5,53.75,45.5,42.75,55.75,46.25,45.5,44.0
2,4,21,51.25,57.0,54.75,61.25,44.25,47.75,53.75,44.25,43.5,49.5,53.5,43.0,46.25
2,4,22,49.75,56.75,60.0,61.5,41.5,47.75,54.0,45.0,42.75,48.25,52.5,44.0,40.5
2,4,23,50.0,57.0,62.25,59.5,39.0,48.75,55.25,40.5,39.25,53.75,50.75,42.5,33.0
3,0,0,40.25,59.75,58.5,58.75,33.5,29.75,49.75,22.25,34.75,49.25,38.75,33.0,24.25
3,0,1,41.5,60.5,54.75,58.5,31.25,30.0,50.0,20.5,30.25,46.25,29.0,29.75,29.75
3,0,2,39.75,57.0,55.25,58.0,24.5,28.5,49.75,20.25,29.5,35.25,20.75,28.0,28.75
3,0,3,32.25,60.0,56.0,56.5,23.0,28.25,52.75,27.0,23.0,35.25,20.75,28.0,22.75
3,0,4,36.0,62.5,56.25,58.0,23.75,26.5,52.75,27.25,22.5,38.25,22.75,26.25,21.0
3,0,5,35.0,57.25,54.0,57.5,28.25,27.25,50.5,29.0,30.5,42.0,30.0,28.0,31.25
3,0,6,39.25,67.5,50.75,56.0,36.5,35.0,49.5,38.0,41.75,53.5,46.75,35.75,29.25
3,0,7,54.25,75.75,53.25,56.25,50.5,50.75,49.25,44.75,62.75,56.75,63.5,52.0,26.75
3,0,8,51.75,76.0,52.75,51.75,59.25,56.5,50.5,43.0,74.0,55.25,66.25,54.0,31.0
3,0,9,59.0,88.0,53.0,53.75,54.75,51.25,53.5,47.5,63.75,56.5,66.25,56.25,20.5
3,0,10,65.25,95.5,57.25,52.75,59.25,56.0,54.25,68.75,74.5,62.75,66.75,77.5,21.5
3,0,11,68.5,79.25,59.75,54.0,67.0,57.25,54.0,92.25,74.0,73.5,64.5,76.5,28.25
3,0,12,58.5,84.25,63.25,55.25,69.25,60.75,56.25,83.25,80.75,85.0,70.5,73.5,29.75
3,0,13,55.25,81.5,63.0,57.25,71.75,64.0,60.75,82.25,79.0,89.75,75.5,78.75,27.5
3,0,14,53.0,84.33333333333333,60.0,58.0,72.75,64.75,61.75,97.5,71.75,76.25,78.25,79.0,25.75
3,0,15,60.5,83.75,63.75,56.75,76.75,71.5,60.5,88.0,78.0,92.0,75.5,73.5,26.0
3,0,16,55.75,77.75,64.5,52.75,85.0,73.25,58.5,96.75,73.75,93.0,70.5,73.0,34.5
3,0,17,51.5,67.5,62.0,53.25,81.5,71.5,56.0,81.25,76.75,81.0,58.5,70.0,35.5
3,0,18,51.75,71.0,64.0,54.0,76.75,68.0,53.25,80.75,70.25,88.25,52.75,62.0,37.5
3,0,19,51.75,66.0,65.5,54.75,72.75,65.5,56.5,59.5,65.25,99.0,48.25,64.5,35.0
3,0,20,41.5,62.0,58.75,53.25,58.5,51.25,57.5,47.75,52.75,83.25,36.75,54.25,37.0
3,0,21,52.5,64.5,62.0,55.25,52.75,39.75,58.25,36.75,42.25,59.5,45.25,46.25,31.75
3,0,22,43.0,55.0,55.25,57.0,43.75,37.25,59.0,29.75,50.5,69.75,35.75,39.75,26.0
3,0,23,38.75,61.0,61.0,57.25,37.75,31.5,58.25,18.25,33.25,59.0,28.0,28.5,23.5
3,1,0,41.25,59.25,57.75,58.75,30.0,18.5,58.5,17.25,23.25,41.5,22.25,21.5,18.25
3,1,1,37.0,61.0,60.0,59.5,27.0,16.5,58.75,19.75,19.75,34.0,17.75,17.5,15.75
3,1,2,29.0,62.25,59.75,59.5,21.25,14.75,59.25,20.75,14.75,23.25,13.5,19.0,16.25
3,1,3,27.75,62.75,61.0,61.0,19.5,12.5,60.5,16.75,17.0,25.25,15.5,21.5,16.0
3,1,4,31.0,58.75,59.75,60.5,21.5,14.75,60.0,20.5,14.75,26.5,18.5,22.0,15.75
3,1,5,30.0,51.5,55.75,57.75,23.0,18.0,58.75,29.25,19.75,39.25,21.0,32.5,16.5
3,1,6,44.5,63.5,57.75,56.5,46.25,28.0,57.0,40.5,31.75,59.75,45.25,40.75,21.5
3,1,7,54.0,71.5,59.25,55.5,56.0,44.25,55.0,50.5,52.25,66.75,69.25,53.0,21.0
3,1,8,47.75,74.0,60.25,54.75,57.0,52.75,54.0,53.0,56.5,57.25,65.75,58.75,24.75
3,1,9,51.75,73.5,63.25,56.25,54.25,49.5,56.25,56.0,57.5,65.25,64.75,60.25,20.75
3,1,10,61.5,66.25,63.0,55.75,61.75,51.75,52.0,59.0,59.25,61.5,54.0,61.25,23.0
3,1,11,61.5,70.25,63.0,56.5,56.25,56.0,52.0,61.0,52.25,67.0,50.0,62.5,26.0
3,1,12,62.75,69.5,60.75,56.5,62.0,52.5,51.75,62.25,57.25,70.25,56.25,66.25,35.5
3,1,13,67.25,67.75,57.25,58.0,64.0,54.0,55.75,59.5,62.0,66.25,53.75,57.5,27.5
3,1,14,65.75,72.0,60.25,56.75,59.5,48.5,55.5,50.0,60.0,65.0,54.5,50.25,28.0
3,1,15,59.75,66.0,54.0,56.25,52.25,48.0,55.75,45.5,56.25,68.0,54.75,44.25,21.25
3,1,16,56.5,70.75,50.75,57.25,51.75,47.5,56.5,48.75,57.75,62.0,54.5,48.75,24.75
3,1,17,52.75,65.5,54.5,58.25,55.5,49.25,58.0,52.25,55.25,57.25,45.25,47.5,31.25
3,1,18,48.0,59.25,55.5,55.5,50.25,49.25,58.0,58.75,53.5,51.5,47.0,50.5,37.25
3,1,19,50.75,64.0,57.25,57.25,53.75,48.25,58.0,42.75,54.75,64.25,52.0,56.0,37.75
3,1,20,51.25,60.25,57.0,56.5,54.75,43.0,57.0,42.0,59.0,56.75,44.0,55.5,39.25
3,1,21,55.75,65.0,58.5,57.0,66.5,42.0,56.5,32.75,53.75,52.25,47.0,50.25,37.5
3,1,22,53.5,60.75,57.5,57.75,49.25,41.25,57.5,41.25,48.0,56.75,42.5,46.5,31.25
3,1,23,53.75,59.5,56.0,58.75,46.25,33.25,56.0,33.25,40.75,51.25,32.75,43.5,25.75
3,2,0,46.8,55.4,56.2,55.8,37.8,30.2,54.6,23.4,33.4,42.0,30.0,39.2,31.2
3,2,1,49.0,53.2,50.6,51.6,33.0,27.0,52.2,25.2,26.0,38.2,26.4,33.0,29.8
3,2,2,41.2,55.4,54.2,54.0,33.0,27.2,53.2,20.0,24.0,33.6,22.2,31.4,22.2
3,2,3,42.8,56.4,55.2,55.2,29.4,24.8,54.2,15.6,23.8,29.6,23.4,30.2,20.2
3,2,4,30.8,54.8,55.0,53.8,27.6,24.4,54.2,14.2,25.4,31.8,19.6,25.2,21.4
3,2,5,19.8,53.0,53.8,51.6,28.6,27.0,53.4,14.0,27.6,29.8,26.0,22.8,15.8
3,2,6,30.6,58.0,50.8,48.4,38.0,35.4,52.0,18.4,38.8,41.2,48.6,26.2,23.8
3,2,7,41.8,65.6,46.6,48.0,46.0,51.0,52.4,21.8,44.8,44.8,58.6,36.0,24.4
3,2,8,41.4,68.6,47.6,43.8,48.6,48.2,52.8,21.4,41.6,45.4,66.4,39.2,25.0
3,2,9,41.8,71.0,49.6,44.6,40.0,42.4,53.6,17.0,38.2,41.6,64.8,36.0,19.4
3,2,10,43.6,68.2,51.2,51.0,39.0,38.0,55.0,23.6,41.4,46.2,55.2,36.0,18.8
3,2,11,44.8,67.0,48.2,54.2,40.2,37.4,56.4,28.2,40.4,46.2,58.6,43.4,22.8
3,2,12,46.4,68.0,49.4,54.0,43.2,37.0,55.6,27.2,41.2,47.0,63.2,48.0,25.6
3,2,13,49.0,70.2,51.0,54.8,45.8,37.2,55.8,33.0,41.6,49.0,66.4,44.0,25.4
3,2,14,48.4,74.2,52.2,53.0,48.8,40.8,55.4,34.4,45.8,50.4,67.2,47.2,25.8
3,2,15,55.4,78.2,54.2,49.2,54.2,50.0,56.2,41.4,51.8,55.2,67.0,55.0,24.2
3,2,16,56.8,80.0,56.4,50.6,59.4,52.8,56.6,42.4,50.8,54.2,63.8,59.2,31.4
3,2,17,55.4,73.0,57.2,53.4,60.6,46.6,57.4,44.0,48.4,52.0,59.4,65.4,31.4
3,2,18,49.0,67.6,53.6,52.8,59.6,42.4,59.2,42.8,48.2,44.6,56.8,52.2,31.0
3,2,19,51.6,66.6,55.2,50.8,60.4,44.0,57.4,42.8,47.6,46.4,54.8,56.8,34.8
3,2,20,53.0,71.4,60.0,54.0,66.4,50.8,55.2,37.0,45.4,53.6,56.4,59.8,32.4
3,2,21,50.4,65.4,55.2,56.2,56.2,48.2,53.8,34.2,48.2,49.6,59.6,52.8,38.2
3,2,22,51.2,65.2,56.6,55.8,50.2,43.8,53.6,22.8,35.6,50.0,48.0,44.0,28.8
3,2,23,37.0,58.4,52.4,57.0,37.4,35.4,56.2,28.8,31.4,53.4,34.6,33.4,29.2
3,3,0,38.4,58.4,55.8,56.4,31.6,27.8,58.0,18.8,24.2,44.8,33.8,37.8,18.2
3,3,1,44.8,55.6,55.8,56.2,28.8,22.6,56.6,19.2,24.8,35.4,28.2,30.0,16.2
3,3,2,36.8,56.6,57.2,55.4,29.4,21.6,53.6,15.2,18.2,26.2,21.4,25.8,14.6
3,3,3,29.4,53.6,56.2,55.4,22.0,24.2,53.6,18.6,16.6,28.4,21.6,22.6,17.0
3,3,4,26.8,53.2,55.2,52.8,23.8,24.8,52.4,18.6,21.6,35.8,20.8,25.4,17.4
3,3,5,26.8,52.2,52.8,52.8,29.2,34.6,52.4,23.8,29.8,46.6,25.6,29.6,17.4
3,3,6,40.8,74.2,46.6,47.6,42.0,41.2,52.8,33.4,42.6,52.8,60.6,40.6,25.4
3,3,7,51.4,85.8,50.2,47.2,57.0,55.2,51.6,31.0,68.4,52.2,73.0,39.8,30.4
3,3,8,55.6,86.2,55.8,50.2,54.8,54.2,52.8,40.4,64.2,48.6,75.0,53.6,22.2
3,3,9,53.0,93.2,54.2,52.0,50.4,53.8,55.8,48.8,53.6,49.2,76.8,53.0,20.6
3,3,10,54.2,92.2,53.4,54.8,47.6,50.4,57.8,47.0,52.0,54.4,69.8,62.6,20.6
3,3,11,55.4,97.5,55.0,58.2,57.6,37.0,59.2,53.6,55.8,55.8,73.6,68.4,24.2
3,3,12,53.6,89.6,56.6,59.6,60.8,54.6,60.2,57.2,63.0,62.4,72.4,67.8,29.8
3,3,13,50.8,95.6,57.8,60.8,62.6,55.0,61.6,60.6,72.4,51.6,74.6,80.8,28.2
3,3,14,55.8,102.6,58.8,60.4,68.4,57.2,62.4,60.2,76.0,57.8,78.4,70.4,19.4
3,3,15,58.0,109.0,60.0,59.6,75.0,65.6,62.8,68.6,66.0,74.4,78.8,71.8,23.8
3,3,16,51.8,101.6,57.4,60.4,74.8,67.6,62.6,72.6,71.4,71.6,77.4,74.0,36.2
3,3,17,51.4,97.8,57.8,58.0,76.6,65.0,62.0,61.8,73.4,61.2,74.2,71.6,40.2
3,3,18,49.0,87.6,59.2,55.0,81.2,60.4,60.6,66.4,84.2,55.8,71.2,78.6,42.6
3,3,19,44.0,75.4,54.8,48.8,79.2,71.0,58.4,79.6,75.6,65.4,59.8,81.0,44.6
3,3,20,39.2,68.6,52.6,52.2,77.0,65.6,57.4,48.8,73.8,66.4,48.6,59.8,45.0
3,3,21,40.0,60.8,53.4,51.4,70.6,57.6,56.6,44.4,69.0,57.8,52.4,53.4,42.6
3,3,22,40.8,57.8,54.6,54.4,62.0,48.4,57.0,29.0,49.4,57.8,44.8,41.0,31.0
3,3,23,35.6,54.0,55.2,53.4,52.2,40.0,57.2,20.2,40.4,61.6,32.4,45.0,22.0
3,4,0,35.0,51.4,55.6,53.6,38.8,29.6,56.8,18.2,40.8,40.8,28.8,27.4,16.4
3,4,1,45.8,51.6,53.6,53.6,38.6,23.8,53.8,19.2,31.2,31.0,22.0,26.2,20.2
3,4,2,39.8,53.6,53.8,54.0,35.2,24.2,51.6,24.2,31.6,25.4,20.4,22.0,16.8
3,4,3,33.0,53.4,55.2,54.6,27.8,23.2,50.8,19.8,31.4,28.0,18.6,23.8,19.4
3,4,4,29.0,54.8,54.6,54.4,29.0,21.4,53.2,18.6,35.2,27.2,21.0,25.2,16.2
3,4,5,27.4,60.8,53.4,54.4,30.4,22.8,51.2,20.4,38.0,33.0,26.6,28.8,19.0
3,4,6,37.4,74.6,53.4,53.2,49.2,37.6,51.6,22.8,46.4,48.4,54.4,35.2,22.6
3,4,7,44.8,78.6,53.8,52.2,57.0,49.2,47.4,31.2,62.0,48.6,62.8,43.6,24.6
3,4,8,51.2,73.8,51.8,54.6,60.2,53.4,51.0,47.6,61.4,47.4,58.8,55.0,29.4
3,4,9,50.0,73.8,51.0,55.2,59.0,50.8,50.8,49.8,53.8,46.2,64.6,54.0,30.8
3,4,10,58.0,69.2,50.2,54.4,49.2,49.4,50.8,45.6,38.0,46.6,63.6,54.2,32.0
3,4,11,57.4,69.25,50.2,55.0,47.8,46.8,51.6,50.2,32.4,45.0,63.4,52.2,31.6
3,4,12,56.0,71.4,54.8,51.2,51.4,48.2,55.2,57.0,29.8,46.4,63.6,52.4,33.4
3,4,13,56.0,66.4,55.2,51.5,50.8,54.2,55.8,58.2,22.8,51.0,57.6,56.4,32.6
3,4,14,51.4,67.0,53.4,57.8,44.8,51.0,56.6,54.2,41.8,50.4,56.2,53.6,34.8
3,4,15,55.0,69.2,55.4,56.4,43.8,44.2,57.0,42.6,42.2,40.6,61.2,50.4,30.0
3,4,16,49.4,70.6,55.4,57.8,46.8,42.2,57.4,43.4,33.6,38.2,67.0,52.2,25.2
3,4,17,44.4,65.0,56.4,56.2,51.6,48.4,55.6,38.6,46.0,42.6,63.4,51.6,29.6
3,4,18,45.6,64.6,56.6,58.4,58.2,44.0,55.0,48.4,49.0,53.2,71.8,57.2,37.6
3,4,19,41.0,65.4,55.0,54.4,61.0,46.8,52.4,44.2,44.6,57.0,61.4,59.6,35.8
3,4,20,46.0,62.0,48.4,48.4,79.2,51.6,47.2,39.8,66.4,54.6,59.2,74.8,40.8
3,4,21,50.8,58.2,49.6,50.2,67.4,53.6,44.8,37.2,71.0,50.8,58.6,56.6,44.0
3,4,22,46.0,59.6,43.2,51.4,53.0,51.4,40.6,34.8,58.6,52.2,51.6,46.8,43.0
3,4,23,44.2,57.0,45.0,49.8,39.8,43.6,42.6,39.6,48.8,49.4,44.8,35.6,38.8
4,0,0,48.0,50.75,53.75,45.75,45.75,39.75,40.25,21.75,37.25,51.75,47.5,37.0,32.5
4,0,1,43.0,47.25,48.75,46.0,29.5,32.0,43.5,20.5,31.25,37.75,40.0,30.5,19.0
4,0,2,41.75,48.25,50.0,45.75,35.75,21.75,42.75,18.5,29.25,27.0,21.0,24.75,21.25
4,0,3,39.0,48.0,49.75,46.5,27.5,20.5,44.25,16.5,30.5,25.75,21.25,22.25,27.75
4,0,4,32.75,49.25,49.25,44.75,27.25,18.25,41.25,13.5,28.5,35.25,26.25,22.75,27.25
4,0,5,29.75,51.75,45.75,40.5,39.25,25.25,37.75,14.75,38.25,45.5,33.0,24.0,24.0
4,0,6,47.25,58.25,46.5,37.0,39.75,37.0,37.5,22.75,47.0,60.5,51.75,31.0,16.75
4,0,7,54.0,66.75,47.5,43.5,44.25,38.75,39.25,30.0,55.25,54.5,58.0,38.0,22.25
4,0,8,49.5,71.5,51.25,44.75,44.75,41.0,47.5,44.0,54.0,53.75,53.0,44.0,28.0
4,0,9,50.25,72.25,55.75,51.5,41.75,41.0,50.25,29.25,57.75,48.25,53.0,42.0,28.0
4,0,10,56.75,72.25,50.5,55.0,39.25,42.25,53.0,28.75,56.75,45.5,57.75,42.5,19.25
4,0,11,59.0,73.5,51.75,57.25,42.25,42.75,55.5,39.5,53.0,47.5,57.0,41.75,22.0
4,0,12,58.25,72.5,52.25,58.75,47.25,50.75,57.5,48.0,57.5,65.0,56.75,37.5,31.25
4,0,13,57.0,71.75,55.0,57.0,48.0,53.0,59.5,39.0,60.5,75.25,72.5,42.5,33.0
4,0,14,61.5,74.0,56.75,57.25,44.75,51.75,60.5,46.5,53.75,65.5,73.0,51.75,29.25
4,0,15,55.0,85.5,59.75,57.75,46.75,49.75,61.25,43.25,59.0,75.75,74.75,52.25,27.5
4,0,16,60.5,88.25,60.0,57.25,53.0,50.5,61.75,59.75,64.25,55.25,74.5,56.5,33.75
4,0,17,61.25,91.25,59.0,61.0,54.5,48.75,62.25,44.5,63.5,74.75,77.5,57.25,42.75
4,0,18,63.5,75.0,57.5,59.25,64.75,55.5,60.0,36.75,77.5,65.25,75.5,57.75,43.0
4,0,19,60.25,65.0,58.0,55.75,59.0,54.75,54.5,35.0,67.0,55.25,62.0,54.0,48.25
4,0,20,50.5,62.75,53.25,59.0,50.0,49.5,52.25,34.25,53.25,48.5,45.5,55.0,42.75
4,0,21,56.5,58.5,50.0,53.5,51.0,51.5,47.5,36.0,56.25,50.0,52.75,53.5,41.75
4,0,22,50.75,53.75,48.75,49.0,53.5,50.25,44.5,33.0,58.0,50.25,48.0,55.5,41.0
4,0,23,43.5,51.25,52.75,44.25,43.0,34.5,42.75,17.5,46.5,44.0,25.0,39.75,25.75
4,1,0,31.0,48.25,52.0,45.0,29.75,24.25,41.25,16.0,30.5,36.5,21.25,24.25,16.25
4,1,1,28.0,51.25,53.0,43.5,33.5,18.0,38.75,13.75,21.5,31.25,16.25,22.25,15.75
4,1,2,27.5,51.0,52.25,45.5,28.75,17.5,38.75,11.25,14.75,20.5,12.75,20.0,16.75
4,1,3,26.75,50.25,52.5,49.5,21.0,15.75,38.75,11.75,17.25,15.5,14.0,17.25,12.75
4,1,4,24.5,49.25,51.0,49.25,20.5,15.0,40.25,15.0,18.5,24.75,14.5,15.5,13.25
4,1,5,25.25,41.5,48.25,46.75,27.5,20.0,43.75,21.25,25.75,30.25,21.75,19.0,18.0
4,1,6,48.25,59.5,44.5,44.5,32.75,36.5,44.25,22.75,33.5,50.25,47.5,32.0,23.0
4,1,7,47.75,65.5,47.25,44.0,45.75,43.25,46.75,25.5,46.75,48.0,49.75,41.5,30.0
4,1,8,48.25,67.0,49.0,46.25,53.25,48.0,48.5,27.25,44.0,49.0,55.75,42.25,20.5
4,1,9,44.25,69.5,47.5,50.25,49.5,45.75,51.5,35.25,50.25,50.75,59.25,50.5,17.5
4,1,10,50.5,66.5,49.0,52.0,46.5,50.75,53.25,35.75,54.25,48.0,54.25,46.5,13.75
4,1,11,54.5,67.5,46.75,53.25,47.75,53.25,55.75,36.5,56.25,45.75,51.5,44.0,15.25
4,1,12,55.0,68.0,50.5,54.75,45.75,54.5,57.5,38.25,56.75,51.5,60.5,53.25,22.75
4,1,13,59.75,70.5,53.25,54.75,52.0,59.25,58.25,42.5,57.25,54.5,67.25,59.25,20.75
4,1,14,57.5,70.5,55.0,56.25,59.75,67.0,58.75,45.25,61.25,47.5,63.25,58.25,20.75
4,1,15,57.25,86.0,56.5,56.0,64.0,66.5,57.5,42.25,70.75,70.25,71.25,56.0,22.5
4,1,16,54.5,85.25,56.5,55.0,69.0,64.5,56.5,43.0,67.0,72.5,69.0,58.0,19.5
4,1,17,48.75,78.25,53.75,55.75,68.25,59.75,57.0,32.5,65.25,60.25,67.25,61.25,32.75
4,1,18,48.5,68.5,55.0,57.0,54.0,41.5,58.75,22.25,56.5,51.0,69.0,51.5,34.0
4,1,19,36.0,65.0,57.5,56.5,45.75,46.0,58.5,21.25,51.25,56.25,59.75,46.0,36.25
4,1,20,45.5,63.0,53.0,55.75,44.75,43.0,58.0,19.0,45.5,57.0,51.5,39.75,38.0
4,1,21,46.0,57.25,54.0,48.75,43.75,41.75,57.75,19.5,43.5,45.0,50.75,44.75,34.75
4,1,22,48.25,53.75,52.5,48.0,45.0,36.75,55.25,17.5,40.25,48.25,45.75,39.25,29.0
4,1,23,43.75,58.25,53.5,49.5,45.75,34.75,53.5,14.75,36.5,57.0,36.25,36.5,26.25
4,2,0,41.5,57.0,56.5,52.0,40.25,35.5,53.0,16.75,27.0,47.25,32.75,32.5,23.5
4,2,1,40.5,63.0,57.5,54.25,37.5,29.25,53.5,21.25,27.75,42.25,28.5,23.0,13.25
4,2,2,29.5,61.0,57.5,49.75,31.0,28.5,51.75,26.5,28.75,25.5,24.0,22.0,13.75
4,2,3,26.75,61.25,57.5,53.25,26.0,31.5,50.5,31.5,29.25,24.5,20.0,25.75,22.5
4,2,4,35.25,58.25,58.5,54.25,26.25,32.5,50.5,32.25,31.75,33.5,22.5,28.5,24.25
4,2,5,35.5,61.25,65.75,52.75,33.0,32.75,50.0,40.0,40.5,45.0,28.25,31.5,27.75
4,2,6,48.5,77.5,63.0,52.25,49.75,43.5,50.75,38.0,55.25,61.5,64.0,37.0,28.75
4,2,7,52.5,81.75,57.5,56.5,61.5,64.5,49.0,38.5,78.0,63.25,72.75,48.75,29.0
4,2,8,55.5,76.0,50.0,50.75,66.0,69.5,51.75,34.5,70.0,62.25,75.25,61.0,36.25
4,2,9,53.5,77.0,50.0,54.25,53.5,52.25,56.75,30.5,56.0,47.5,80.25,51.0,27.75
4,2,10,60.25,73.25,52.25,53.5,44.0,44.75,59.0,28.5,51.0,51.0,67.5,47.25,22.75
4,2,11,53.0,77.75,52.5,55.75,43.0,49.25,59.25,28.25,53.25,42.25,71.25,51.75,24.0
4,2,12,48.5,71.0,55.25,54.0,48.5,55.0,60.5,28.25,50.75,45.5,69.5,53.0,28.25
4,2,13,45.75,71.5,55.0,55.75,47.0,47.0,61.75,26.5,49.25,46.25,69.5,52.5,26.0
4,2,14,47.0,72.75,56.0,59.25,47.0,46.75,61.5,27.25,47.5,51.0,78.0,54.0,24.0
4,2,15,46.75,79.25,56.75,59.5,52.5,51.25,61.75,32.0,48.75,61.75,78.5,51.0,21.5
4,2,16,48.5,80.5,58.25,56.0,66.25,49.0,62.75,33.5,52.75,65.25,77.5,54.0,30.25
4,2,17,56.0,81.25,59.75,61.75,67.0,64.0,63.75,28.0,63.25,63.0,71.75,49.5,30.0
4,2,18,56.75,77.75,59.25,63.25,65.75,66.0,61.5,29.75,62.0,64.0,67.25,49.5,32.25
4,2,19,54.5,68.25,59.75,62.25,64.75,59.75,60.75,24.0,60.5,63.25,67.25,48.25,44.25
4,2,20,46.0,65.5,60.25,59.0,63.25,57.75,59.0,19.0,61.25,62.0,52.25,51.75,43.75
4,2,21,50.0,53.75,57.75,53.25,62.0,57.25,53.5,17.5,58.25,60.25,54.75,46.0,38.5
4,2,22,43.5,55.0,56.0,48.25,59.75,51.25,47.75,17.0,50.5,59.75,45.5,50.5,40.0
4,2,23,37.0,55.0,57.75,49.5,62.25,46.5,39.5,16.75,47.5,67.25,39.5,46.5,26.5
4,3,0,35.75,55.5,53.5,49.75,61.0,46.5,44.5,15.5,42.25,56.75,32.75,32.5,24.5
4,3,1,29.25,50.75,54.75,53.0,57.75,44.75,45.0,13.5,45.5,55.0,21.75,32.75,15.25
4,3,2,28.0,52.5,55.0,51.25,56.0,41.75,43.75,12.5,40.5,37.75,19.75,32.75,20.25
4,3,3,30.25,49.5,51.75,49.5,46.5,47.5,43.75,11.5,35.75,30.75,18.5,23.25,21.5
4,3,4,28.0,46.75,50.25,46.5,40.0,40.5,42.75,15.0,44.25,33.5,20.25,23.0,30.25
4,3,5,27.25,42.5,50.25,42.25,37.75,44.5,42.25,20.5,43.75,44.0,27.25,25.25,24.5
4,3,6,48.0,63.0,49.25,42.5,59.25,51.25,44.25,21.5,49.75,53.25,51.25,38.25,28.5
4,3,7,56.75,65.25,53.5,51.75,54.5,53.5,46.25,22.5,65.0,58.5,62.75,32.75,32.0
4,3,8,55.25,63.25,52.75,52.0,41.25,48.75,52.0,18.25,62.0,49.75,63.0,31.75,19.75
4,3,9,59.0,71.25,54.75,51.75,42.5,49.25,47.5,23.75,61.5,51.25,67.25,41.0,18.75
4,3,10,63.75,73.5,57.5,54.0,52.5,51.0,50.0,28.0,64.5,53.75,68.0,43.0,20.0
4,3,11,66.25,72.25,57.25,56.25,52.75,53.75,62.25,33.5,63.75,54.25,67.75,47.25,27.25
4,3,12,68.5,74.25,58.75,59.75,53.0,40.75,63.75,32.5,67.0,52.25,71.75,48.75,25.75
4,3,13,67.75,75.25,61.75,53.25,52.25,48.25,66.25,40.0,67.25,47.0,77.25,56.75,23.75
4,3,14,74.0,83.0,60.0,62.0,64.5,53.75,66.5,47.5,81.25,59.75,79.5,67.0,23.25
4,3,15,71.5,79.5,60.75,62.75,68.75,61.25,66.0,48.75,83.5,75.0,79.5,57.75,33.75
4,3,16,70.25,85.5,62.0,63.25,69.25,77.5,67.25,39.25,71.0,81.0,78.75,55.25,35.0
4,3,17,64.75,83.0,63.25,62.25,68.75,64.25,67.75,29.75,65.5,55.75,77.0,58.25,37.5
4,3,18,61.25,75.5,62.25,59.75,65.75,50.75,67.0,22.25,58.75,50.75,73.0,59.25,35.75
4,3,19,55.25,69.25,61.0,60.25,59.5,56.5,63.75,20.5,61.25,55.0,70.5,62.75,43.25
4,3,20,56.25,68.5,59.5,58.75,58.25,51.25,62.25,20.0,59.25,50.75,66.5,51.25,41.25
4,3,21,53.5,69.25,56.0,55.75,58.5,47.75,57.25,13.5,53.5,41.75,64.75,45.75,37.75
4,3,22,43.25,63.0,59.75,57.0,52.75,46.75,54.25,19.0,45.25,46.0,44.0,32.75,37.0
4,3,23,39.75,63.25,59.25,56.25,40.75,38.75,52.0,12.5,40.75,50.25,35.5,25.5,26.5
4,4,0,41.5,60.5,57.5,55.5,32.75,36.75,50.0,12.25,37.25,42.75,33.25,34.25,21.5
4,4,1,40.25,57.25,56.75,49.5,36.75,34.75,47.0,13.5,37.75,35.0,27.25,26.0,17.75
4,4,2,44.0,52.25,55.25,46.25,39.5,34.25,47.25,16.5,36.75,32.75,30.0,29.75,14.0
4,4,3,37.75,50.5,53.0,42.25,38.25,39.5,46.0,18.25,36.5,32.0,25.0,27.75,19.0
4,4,4,38.5,49.75,52.75,44.25,39.5,35.5,45.25,23.25,39.0,37.75,23.75,27.75,25.75
4,4,5,30.0,54.333333333333336,51.25,38.0,42.75,36.25,43.25,29.0,38.25,44.25,31.25,29.75,21.75
4,4,6,46.0,77.33333333333333,46.75,38.0,49.5,46.25,39.75,27.5,49.0,61.5,58.0,40.25,24.0
4,4,7,57.5,83.0,45.25,45.0,56.25,62.75,41.0,31.5,65.5,65.0,63.0,42.0,26.25
4,4,8,56.5,91.0,54.5,48.0,53.25,66.25,43.0,35.5,73.25,65.75,64.25,43.25,32.75
4,4,9,61.25,85.5,56.0,48.0,55.5,63.75,44.75,36.75,67.0,69.5,65.25,43.5,35.5
4,4,10,65.75,86.25,56.75,49.25,53.5,67.25,53.0,40.0,64.75,67.25,65.75,52.75,38.75
4,4,11,59.5,87.5,54.0,49.5,53.75,61.0,58.0,44.75,56.0,58.0,62.25,53.75,30.0
4,4,12,56.0,80.25,54.75,49.25,49.75,44.25,59.5,40.5,53.75,55.5,67.5,54.5,32.5
4,4,13,59.0,85.0,55.0,55.0,61.25,55.75,62.25,24.75,53.75,61.0,71.75,58.25,32.5
4,4,14,57.75,83.5,60.25,57.5,59.75,54.75,64.0,21.75,52.75,58.25,72.5,54.25,29.75
4,4,15,59.25,84.5,61.25,61.25,55.0,48.75,64.0,23.75,45.75,64.0,78.5,54.75,29.0
4,4,16,55.5,76.75,58.75,61.5,48.25,47.75,66.0,28.0,47.5,56.25,80.75,54.5,22.5
4,4,17,57.25,73.0,56.75,62.5,48.0,43.0,66.25,17.0,47.0,45.25,74.5,43.0,23.5
4,4,18,62.75,68.25,60.25,61.5,48.5,31.25,66.0,27.5,45.5,43.75,71.0,37.75,23.75
4,4,19,61.5,64.25,61.0,63.0,46.0,32.0,62.25,22.25,39.5,43.75,65.0,34.25,39.75
4,4,20,53.25,59.25,60.5,58.0,54.0,40.0,57.5,20.25,41.75,45.5,51.0,42.25,46.25
4,4,21,60.0,54.75,58.0,54.75,46.25,45.5,54.5,25.25,41.25,43.5,46.0,36.75,42.75
4,4,22,59.25,55.0,57.25,53.75,42.0,44.75,51.0,25.75,40.5,44.0,32.0,26.75,36.75
4,4,23,54.5,52.75,56.25,50.5,41.0,39.25,48.75,25.75,38.75,50.75,29.25,30.5,27.5
5,0,0,39.6,52.6,58.0,53.0,35.6,43.8,51.4,21.8,33.0,48.2,41.2,30.8,32.0
5,0,1,44.8,54.0,58.0,54.0,34.6,36.6,48.2,20.0,29.2,40.8,41.8,30.4,25.6
5,0,2,55.8,54.6,58.0,51.4,38.2,30.6,44.8,19.4,27.4,34.6,27.0,28.8,23.2
5,0,3,43.6,54.8,56.4,51.4,33.6,32.6,43.0,19.6,30.0,37.6,32.4,28.8,27.0
5,0,4,41.6,55.4,55.8,49.4,35.8,32.2,41.2,20.2,29.6,42.0,33.2,29.4,28.0
5,0,5,48.4,57.6,53.8,47.0,35.0,36.6,38.4,21.8,30.4,43.0,37.8,37.0,27.4
5,0,6,54.6,70.0,52.0,48.2,40.6,41.4,37.6,29.8,33.0,52.2,49.4,41.2,24.0
5,0,7,65.8,72.0,56.0,48.4,42.4,46.2,42.6,34.0,45.8,58.4,59.6,46.6,24.4
5,0,8,60.0,62.0,55.8,51.8,49.0,48.0,50.0,33.8,47.4,59.6,58.2,47.2,22.6
5,0,9,69.6,62.8,55.0,52.0,41.6,39.6,52.6,28.0,48.2,48.8,60.2,45.0,23.0
5,0,10,71.0,60.8,55.2,52.2,43.0,36.6,55.8,29.4,55.2,42.4,55.2,41.4,19.2
5,0,11,69.0,61.2,56.6,52.8,40.2,34.8,57.8,24.8,54.4,43.4,49.4,37.2,25.2
5,0,12,68.0,57.0,54.2,53.4,37.0,38.8,59.6,32.4,55.6,43.0,47.0,41.6,26.6
5,0,13,64.6,55.8,55.6,56.0,43.8,36.2,62.0,31.6,55.8,42.8,52.4,40.8,25.8
5,0,14,67.8,57.2,50.8,57.4,38.0,27.8,63.8,28.0,50.4,38.2,59.2,46.2,20.8
5,0,15,63.6,63.6,51.6,58.8,42.4,33.8,65.4,25.4,51.8,46.8,60.8,38.4,14.8
5,0,16,60.6,68.4,48.2,57.2,44.0,37.4,64.0,23.6,51.0,43.6,60.4,37.6,22.6
5,0,17,54.8,65.4,57.2,56.0,47.4,29.8,63.4,25.0,52.2,42.0,47.0,37.6,27.8
5,0,18,52.6,60.0,56.4,52.8,45.4,33.4,60.6,23.6,47.6,44.8,44.2,37.8,24.8
5,0,19,50.6,60.2,54.8,52.4,45.6,36.4,58.6,22.0,40.2,46.4,51.0,36.6,33.6
5,0,20,53.6,56.6,53.0,54.0,39.8,28.4,56.6,22.2,35.0,35.4,43.6,40.4,31.2
5,0,21,57.0,56.8,55.2,55.4,37.2,30.8,53.6,19.4,33.8,34.8,47.4,36.0,31.4
5,0,22,60.8,52.6,54.4,54.2,39.0,23.2,46.8,16.4,26.6,37.0,42.2,28.6,33.2
5,0,23,46.8,54.4,53.2,51.2,33.4,22.0,46.8,17.0,20.6,37.0,32.8,26.8,49.6
5,1,0,40.6,50.0,53.0,46.6,34.4,23.0,45.6,14.4,17.4,34.0,31.6,21.8,27.6
5,1,1,36.8,55.0,50.2,41.2,30.2,26.4,42.6,16.2,19.6,34.4,30.0,18.4,22.4
5,1,2,46.0,45.2,49.0,39.4,25.8,25.0,37.6,15.4,19.8,18.4,26.8,17.8,15.0
5,1,3,44.4,42.8,49.2,37.6,24.4,25.8,35.4,14.0,27.0,27.2,23.2,21.0,22.8
5,1,4,48.6,50.4,45.4,33.8,22.0,26.8,35.2,14.8,26.8,32.2,25.4,19.8,22.0
5,1,5,48.4,66.0,46.8,35.4,30.2,31.6,29.8,16.8,30.6,38.8,30.8,21.0,21.2
5,1,6,71.8,76.0,48.4,39.6,45.2,41.2,30.0,24.6,43.0,50.0,52.4,34.2,17.8
5,1,7,78.4,69.8,50.4,44.4,51.6,47.8,42.6,33.4,56.0,48.4,64.2,42.2,18.8
5,1,8,69.8,68.8,48.8,50.0,46.2,47.6,49.4,25.0,48.8,39.2,57.6,44.6,12.4
5,1,9,65.6,74.0,55.0,51.2,48.2,39.4,53.8,21.0,49.0,41.6,62.2,43.4,17.6
5,1,10,67.6,66.8,55.4,52.4,41.0,40.2,56.0,23.6,53.2,39.6,63.6,33.6,13.6
5,1,11,61.0,64.6,51.8,55.2,36.8,39.8,57.8,20.6,51.8,45.6,62.0,33.4,21.6
5,1,12,60.2,65.6,50.6,55.4,41.0,41.0,59.8,20.6,48.6,41.4,69.0,33.0,24.8
5,1,13,61.6,63.2,54.2,55.4,39.0,37.4,61.0,21.8,51.2,43.2,62.0,33.6,37.6
5,1,14,59.8,66.6,54.8,55.8,37.4,36.2,60.2,21.8,51.6,44.8,65.2,34.6,31.6
5,1,15,57.2,71.8,53.8,55.4,44.8,34.2,61.4,22.0,51.8,47.2,66.4,30.0,18.0
5,1,16,50.6,73.6,53.8,56.8,49.6,34.6,62.2,21.6,52.0,45.6,71.4,29.0,18.4
5,1,17,48.2,68.6,58.0,58.6,45.8,37.6,61.4,20.6,49.0,40.4,62.0,30.8,27.8
5,1,18,46.4,59.8,57.8,58.6,41.2,33.0,60.0,18.8,48.0,37.6,56.0,27.2,28.6
5,1,19,43.2,58.2,57.4,57.2,31.8,35.0,58.4,18.8,45.8,37.4,57.2,29.4,26.4
5,1,20,43.4,56.4,55.4,55.2,31.8,32.8,55.0,19.6,45.6,40.0,44.8,27.0,33.6
5,1,21,52.4,55.0,52.8,50.6,37.0,30.6,49.4,15.0,37.0,41.4,48.8,30.6,32.0
5,1,22,48.2,53.6,49.8,43.2,45.4,32.4,44.0,13.4,37.4,65.2,53.8,30.4,26.6
5,1,23,40.4,53.0,49.4,42.8,43.0,33.8,39.8,14.2,34.0,47.8,47.0,27.2,25.4
5,2,0,32.6,51.8,51.4,41.2,38.2,30.4,37.6,18.6,31.8,43.4,29.4,23.0,14.4
5,2,1,33.2,47.0,50.0,40.8,41.4,27.2,40.0,22.4,29.2,40.0,22.6,21.0,15.2
5,2,2,45.0,46.6,49.2,40.2,34.6,26.0,39.0,20.6,31.4,31.6,24.2,20.2,19.2
5,2,3,43.0,48.2,51.6,42.6,30.8,29.4,36.6,21.6,35.2,28.8,18.8,19.6,19.6
5,2,4,36.6,49.8,48.0,41.0,31.0,26.6,31.8,24.8,39.2,35.0,22.6,21.0,24.8
5,2,5,43.0,50.2,42.6,37.6,36.2,27.4,30.2,27.8,41.0,41.2,35.8,24.8,24.4
5,2,6,58.6,65.2,47.6,41.2,48.6,35.2,33.0,26.0,50.8,55.0,60.8,30.2,32.8
5,2,7,68.4,68.0,54.8,42.2,48.2,46.4,41.0,28.4,54.8,43.8,69.0,38.4,22.0
5,2,8,79.6,68.6,56.8,45.0,46.8,50.4,43.8,33.2,52.4,46.6,69.6,41.2,21.8
5,2,9,73.4,67.0,53.0,49.4,44.8,46.0,50.4,24.0,53.6,40.6,68.0,34.8,21.8
5,2,10,69.6,70.2,52.8,48.0,39.2,41.6,54.4,32.2,56.4,36.2,73.4,31.6,27.8
5,2,11,64.6,70.0,53.0,50.0,40.4,42.6,56.0,30.2,52.8,44.6,66.8,34.0,30.4
5,2,12,60.8,66.0,48.4,52.0,35.0,39.6,56.0,30.4,50.8,39.6,65.8,29.4,26.4
5,2,13,59.8,59.2,50.6,52.2,36.6,38.0,56.8,27.0,54.6,42.8,65.0,31.4,26.0
5,2,14,57.0,55.8,52.0,53.2,32.0,36.0,59.4,28.4,57.0,40.0,61.8,34.0,21.8
5,2,15,61.2,62.0,54.0,57.8,34.8,34.6,60.6,28.2,52.8,40.8,68.0,37.6,16.8
5,2,16,61.0,64.2,55.2,57.6,42.0,35.2,60.4,27.4,56.4,40.4,64.2,35.6,20.8
5,2,17,58.4,62.6,48.8,57.4,36.6,32.8,59.0,27.0,51.4,37.8,63.4,40.2,30.0
5,2,18,54.4,59.4,56.6,56.0,39.6,34.8,58.2,26.0,44.8,36.0,66.4,41.6,34.2
5,2,19,50.2,56.6,54.8,53.6,41.2,33.4,60.2,27.2,44.2,37.2,57.2,36.2,34.8
5,2,20,49.0,57.8,55.4,54.2,39.8,32.6,57.4,24.8,39.8,34.4,46.8,28.0,33.4
5,2,21,54.4,50.2,52.0,53.6,40.0,30.8,51.4,30.2,36.4,36.8,48.4,31.2,32.8
5,2,22,54.2,52.6,47.8,43.6,45.0,35.0,47.0,33.0,35.2,41.8,47.6,39.8,33.2
5,2,23,51.4,54.0,48.2,40.2,44.0,29.0,44.2,36.6,33.8,47.0,38.8,36.4,30.6
5,3,0,49.5,48.5,47.0,41.25,50.25,37.5,38.25,21.75,38.5,51.5,39.25,36.25,24.75
5,3,1,47.25,49.75,46.75,45.25,45.5,36.5,32.75,23.25,42.75,38.25,34.0,32.75,23.75
5,3,2,51.5,50.75,48.25,43.5,41.5,38.75,31.5,21.25,37.5,37.0,32.5,30.25,25.0
5,3,3,52.25,50.75,45.0,41.75,37.5,36.75,29.25,20.75,40.75,37.25,33.0,27.5,21.0
5,3,4,43.75,44.25,44.75,42.75,38.5,38.25,33.5,30.25,41.75,38.75,37.25,28.25,29.25
5,3,5,45.0,45.75,41.25,44.5,40.25,36.0,35.25,46.0,46.5,37.75,33.0,32.75,27.25
5,3,6,55.5,64.0,44.25,43.25,40.5,39.25,32.25,29.75,49.75,43.5,51.5,35.0,21.5
5,3,7,63.5,60.5,49.5,48.25,45.0,45.0,39.5,33.25,54.25,45.25,57.5,49.5,26.25
5,3,8,62.5,61.75,54.0,50.0,43.5,42.25,48.0,30.75,51.5,47.75,56.5,55.25,22.25
5,3,9,66.25,58.75,53.25,52.5,38.0,36.0,56.5,21.0,47.75,44.0,59.5,41.75,21.75
5,3,10,69.75,60.5,56.5,55.25,37.0,26.5,58.0,20.0,52.0,36.25,62.75,35.0,12.75
5,3,11,62.0,65.25,56.25,54.0,32.0,33.0,59.25,19.5,47.5,35.25,64.0,40.5,24.75
5,3,12,56.5,72.0,48.25,51.5,33.0,35.75,59.75,20.25,44.0,46.5,65.25,48.75,25.25
5,3,13,56.0,73.25,50.75,51.25,28.5,40.5,52.0,20.75,46.75,40.75,64.25,42.25,33.25
5,3,14,49.0,72.25,57.5,59.0,34.0,38.0,52.75,21.25,41.25,28.5,60.0,39.75,24.0
5,3,15,47.0,76.25,56.75,59.0,35.0,34.75,63.75,26.25,46.5,29.75,64.75,43.25,13.5
5,3,16,52.75,74.75,52.5,55.0,36.75,41.75,64.5,27.5,47.75,43.25,63.75,42.5,23.25
5,3,17,47.75,71.75,56.75,58.0,41.0,42.75,63.75,35.5,45.25,46.5,59.25,41.0,27.25
5,3,18,46.0,69.75,54.0,58.5,43.75,44.0,62.0,28.75,48.75,42.75,56.0,38.5,31.0
5,3,19,48.5,63.25,54.5,54.0,38.0,41.0,62.5,27.25,44.0,41.5,53.5,34.75,32.5
5,3,20,47.0,59.75,57.25,54.5,42.5,39.0,60.75,25.5,43.0,44.5,51.0,41.5,35.5
5,3,21,52.75,57.0,58.75,52.0,39.25,39.25,54.5,23.25,41.0,45.25,59.5,40.0,47.0
5,3,22,49.0,60.0,58.5,47.0,39.5,38.75,48.0,28.5,38.0,48.5,56.0,40.25,40.0
5,3,23,49.25,60.5,58.75,46.0,40.0,39.0,42.25,26.25,36.75,53.75,43.5,35.5,32.25
5,4,0,38.25,53.0,49.0,45.5,45.75,34.25,39.25,21.25,32.25,50.5,40.75,30.25,22.75
5,4,1,40.25,49.0,49.5,43.5,49.75,31.5,39.25,15.75,35.75,39.25,33.25,25.75,20.25
5,4,2,57.0,52.25,51.25,42.5,44.5,27.5,37.75,21.25,33.5,32.0,33.5,23.25,24.0
5,4,3,44.5,49.0,48.0,41.0,35.0,31.0,38.25,29.75,32.75,34.5,32.75,22.0,19.0
5,4,4,41.75,46.5,47.75,40.5,33.5,30.5,32.75,28.75,33.5,39.0,33.25,25.5,30.75
5,4,5,39.0,55.25,43.75,42.0,36.75,35.0,32.75,20.0,39.0,39.75,40.0,30.5,28.5
5,4,6,51.0,69.0,40.75,44.5,42.75,42.75,35.0,26.5,37.5,54.25,63.0,29.25,21.5
5,4,7,57.75,69.75,44.25,45.0,42.5,52.75,43.75,34.25,41.75,54.5,67.5,41.0,22.0
5,4,8,55.0,71.5,49.0,47.25,41.0,48.75,50.0,28.75,50.75,54.0,60.75,42.75,19.0
5,4,9,58.25,74.5,53.25,54.5,41.0,42.25,54.5,28.25,56.75,43.75,63.75,37.25,17.75
5,4,10,57.25,69.5,58.0,59.75,40.5,43.5,63.0,23.75,54.25,44.5,63.75,35.5,15.25
5,4,11,57.25,66.5,60.0,62.0,36.75,41.5,64.5,28.5,53.75,46.0,67.5,35.25,21.25
5,4,12,61.25,76.0,59.5,60.5,42.25,44.5,68.0,35.25,54.75,53.0,68.0,38.25,30.5
5,4,13,64.25,66.75,61.0,61.0,46.25,50.5,69.75,30.25,57.0,54.25,65.0,43.5,36.25
5,4,14,65.5,67.75,63.25,60.25,40.75,38.75,71.25,32.25,55.0,51.75,64.5,40.0,24.75
5,4,15,60.75,70.25,65.5,61.75,42.5,42.0,73.25,34.25,53.75,52.75,66.5,38.75,17.5
5,4,16,65.75,68.0,67.75,59.75,42.0,38.5,73.25,34.0,53.0,50.0,70.5,39.75,14.25
5,4,17,59.5,68.75,70.25,61.25,41.75,39.25,73.25,32.5,49.75,47.0,62.25,41.75,27.0
5,4,18,58.0,66.75,70.25,62.0,38.25,34.0,73.5,33.75,47.0,45.75,61.75,34.25,32.0
5,4,19,57.0,64.25,69.75,64.75,37.25,35.75,72.75,34.0,41.25,44.25,61.5,37.0,35.5
5,4,20,51.5,64.5,68.25,66.75,38.5,36.5,69.75,33.5,40.25,44.25,54.5,40.0,39.75
5,4,21,59.75,65.5,65.0,63.0,44.5,41.75,66.0,30.75,40.0,44.5,67.75,43.0,43.75
5,4,22,59.5,61.5,64.5,59.75,46.5,43.25,62.5,32.25,45.75,50.75,63.25,42.0,42.5
5,4,23,56.5,65.75,65.5,66.5,52.75,46.25,62.75,29.25,46.0,58.25,56.0,43.25,38.5
6,0,0,36.25,44.0,50.75,43.5,31.25,19.5,46.75,17.0,20.0,25.25,40.75,32.5,10.5
6,0,1,43.5,42.25,49.75,40.5,32.5,22.25,42.75,17.25,25.0,25.5,33.75,29.5,17.5
6,0,2,39.25,44.5,49.75,39.0,40.5,18.75,39.25,17.75,25.0,22.0,18.25,27.75,25.0
6,0,3,38.75,42.0,48.0,40.25,32.25,16.75,36.75,18.75,23.5,21.5,19.0,27.5,20.5
6,0,4,41.25,38.0,46.25,38.75,31.5,16.25,38.75,18.75,20.25,24.25,20.75,25.0,18.0
6,0,5,38.0,41.25,43.5,37.5,29.0,15.75,35.5,21.0,23.25,27.5,25.0,27.25,15.25
6,0,6,50.0,58.75,41.5,35.75,34.0,29.0,34.5,30.25,30.25,34.25,52.5,32.75,15.5
6,0,7,53.25,66.25,48.0,35.75,38.25,37.0,36.75,22.75,42.5,32.0,64.0,35.0,19.5
6,0,8,48.75,59.25,47.0,38.5,43.5,44.25,40.0,20.75,48.0,40.0,66.5,38.5,33.75
6,0,9,51.25,60.5,46.25,40.75,41.25,36.0,41.75,18.75,46.0,34.25,65.5,30.0,29.25
6,0,10,49.75,60.5,48.5,41.75,42.75,37.5,43.25,26.75,39.75,35.5,69.25,34.25,29.75
6,0,11,46.75,55.0,40.75,43.25,31.5,33.25,31.0,15.5,34.5,34.75,61.25,32.25,33.25
6,0,12,48.5,59.75,42.25,45.5,28.25,33.25,32.75,17.5,30.25,33.75,65.5,29.25,39.25
6,0,13,49.75,56.5,45.25,47.5,34.75,32.0,29.5,22.25,28.75,35.75,62.75,30.5,29.25
6,0,14,55.5,54.25,45.75,49.0,38.0,33.25,29.75,26.0,30.25,36.0,62.0,31.5,20.75
6,0,15,40.25,60.0,45.25,49.75,38.5,40.25,31.5,24.0,29.0,35.75,59.5,34.0,18.25
6,0,16,51.0,60.0,44.25,49.75,43.0,39.0,31.5,24.75,30.0,37.25,64.75,41.0,25.0
6,0,17,54.25,61.75,47.25,45.25,41.5,28.75,29.0,26.25,35.75,33.5,60.25,36.5,28.5
6,0,18,42.5,50.5,50.25,48.75,34.5,27.75,26.666666666666668,24.25,32.0,32.25,54.5,36.75,30.0
6,0,19,43.0,46.0,52.5,50.75,34.0,27.5,24.333333333333332,20.25,26.5,37.25,54.5,37.5,33.5
6,0,20,34.75,45.0,49.25,46.75,33.75,28.0,25.0,21.75,24.5,36.0,46.5,34.25,33.0
6,0,21,26.5,42.5,48.5,41.75,23.75,26.75,21.666666666666668,22.75,19.75,31.25,47.25,25.75,24.75
6,0,22,25.5,41.75,52.75,46.25,21.75,22.75,25.333333333333332,24.0,15.25,24.5,45.0,23.0,18.75
6,0,23,25.75,42.0,52.5,48.25,19.75,21.75,27.0,17.75,14.5,25.0,29.5,25.5,18.0
6,1,0,29.75,43.75,51.25,47.0,21.75,15.0,29.666666666666668,17.5,16.25,25.25,32.25,27.0,10.5
6,1,1,20.5,42.0,49.25,45.5,21.0,17.25,30.0,18.5,19.5,22.75,25.25,26.75,12.25
6,1,2,33.5,42.0,46.25,42.5,28.75,17.0,29.666666666666668,20.25,26.25,22.0,18.5,28.75,13.75
6,1,3,30.25,40.75,45.25,41.25,27.5,23.25,27.0,22.25,20.5,27.5,17.25,28.75,19.75
6,1,4,24.5,36.75,45.5,38.25,24.5,29.0,24.0,23.5,22.25,31.5,19.0,28.75,20.25
6,1,5,30.0,39.25,44.25,39.0,23.5,30.5,24.333333333333332,21.25,22.5,34.75,26.5,28.75,23.0
6,1,6,30.25,62.0,41.25,36.5,26.25,35.25,24.333333333333332,21.75,26.25,37.75,57.25,32.75,17.75
6,1,7,40.25,70.25,42.0,40.75,30.25,41.5,23.666666666666668,24.75,31.5,41.0,62.25,34.0,21.25
6,1,8,39.0,66.25,43.25,41.0,31.5,38.5,23.333333333333332,25.0,28.25,44.0,59.75,36.0,19.0
6,1,9,37.0,64.25,45.25,41.75,32.25,35.75,29.75,24.25,25.0,40.25,62.5,33.25,16.0
6,1,10,48.0,61.5,42.5,44.75,34.25,40.0,30.25,23.25,30.0,39.25,59.5,33.0,16.75
6,1,11,48.75,64.0,44.25,44.75,34.0,37.75,31.5,19.75,32.5,31.75,58.0,32.0,20.25
6,1,12,46.5,59.0,48.5,48.0,36.75,39.5,49.75,16.0,31.75,34.75,59.0,31.5,19.5
6,1,13,42.25,55.75,41.0,50.5,45.5,33.0,50.0,16.0,31.5,38.5,58.75,30.5,17.5
6,1,14,41.0,55.75,51.5,50.0,33.75,43.75,50.0,14.25,30.25,41.25,62.5,30.75,20.75
6,1,15,46.25,49.666666666666664,49.5,45.25,31.5,32.5,47.0,15.75,25.75,37.0,57.5,25.0,30.25
6,1,16,40.5,53.333333333333336,46.75,42.75,28.5,26.0,45.5,14.5,22.25,38.5,54.5,24.0,36.75
6,1,17,42.25,48.333333333333336,45.75,42.25,28.25,20.25,45.0,14.5,20.0,35.25,42.5,24.75,36.5
6,1,18,37.5,43.666666666666664,46.0,41.5,22.0,21.5,46.0,15.0,16.5,33.75,43.5,19.75,29.0
6,1,19,34.25,43.0,45.25,42.0,22.75,23.75,42.5,16.25,15.25,31.75,43.25,20.75,20.25
6,1,20,30.5,40.333333333333336,44.75,41.25,27.25,22.5,43.25,25.25,17.25,29.5,38.0,23.0,24.25
6,1,21,31.5,42.0,43.25,39.5,25.0,20.25,41.5,26.0,20.0,27.0,50.5,24.5,25.5
6,1,22,39.0,43.0,41.75,40.0,32.0,25.5,38.5,20.25,18.75,33.25,51.5,27.25,26.0
6,1,23,39.75,40.0,41.5,40.75,29.0,24.0,37.75,16.75,20.0,37.5,32.25,24.25,28.25
6,2,0,36.75,42.0,41.5,36.75,32.5,25.75,34.0,16.25,17.0,32.25,32.5,25.25,17.75
6,2,1,37.25,43.333333333333336,42.25,37.5,26.75,21.5,35.5,22.0,20.0,32.5,33.75,24.75,18.0
6,2,2,39.0,43.333333333333336,43.0,39.5,29.25,19.75,34.0,23.5,22.75,28.25,24.5,24.5,24.0
6,2,3,39.0,40.0,38.75,38.5,26.75,21.75,37.0,29.75,20.5,30.75,26.75,24.5,24.333333333333332
6,2,4,34.25,35.333333333333336,39.25,36.5,23.75,21.25,35.0,29.25,22.25,31.25,28.5,24.25,21.333333333333332
6,2,5,38.75,35.666666666666664,38.25,36.0,20.0,21.0,30.75,29.25,24.0,32.5,35.25,24.25,23.333333333333332
6,2,6,42.75,54.666666666666664,38.0,35.25,29.5,24.75,27.75,28.5,26.75,37.0,47.25,26.5,11.25
6,2,7,55.0,39.5,41.75,33.0,44.75,32.25,29.25,23.75,31.5,44.0,50.5,31.25,8.75
6,2,8,49.25,49.75,40.0,39.75,28.75,33.75,37.25,23.25,33.5,31.0,51.25,30.25,6.5
6,2,9,51.75,50.0,44.75,46.5,34.75,21.0,46.25,22.0,29.25,38.5,48.25,31.0,18.25
6,2,10,59.5,46.25,49.75,50.5,28.25,31.0,51.5,21.75,29.5,42.75,63.5,32.25,19.5
6,2,11,47.25,50.75,52.25,52.25,30.5,35.25,53.75,23.0,33.25,43.25,58.75,33.5,32.0
6,2,12,46.75,48.75,53.75,53.25,32.75,34.5,54.25,24.5,32.75,42.75,56.0,33.75,41.25
6,2,13,49.25,49.75,54.25,54.5,32.5,37.5,44.5,26.25,33.75,35.75,57.75,31.25,38.5
6,2,14,44.25,52.25,54.75,56.0,31.75,32.0,56.0,23.75,33.0,40.0,56.5,31.75,30.75
6,2,15,49.25,56.0,56.5,45.25,32.75,33.25,56.75,25.75,38.25,39.75,55.25,33.25,34.0
6,2,16,55.5,53.5,53.75,51.75,35.75,23.5,58.25,23.5,30.0,40.0,57.75,27.0,33.0
6,2,17,55.25,53.25,55.0,51.25,32.25,17.5,58.25,29.25,23.0,37.0,52.75,23.75,30.75
6,2,18,43.75,54.75,55.75,54.0,36.25,29.5,57.25,27.25,24.0,38.5,45.75,24.0,21.5
6,2,19,45.0,51.75,53.75,50.75,32.0,24.25,57.0,20.0,21.5,31.75,45.75,23.5,19.75
6,2,20,42.0,48.75,53.25,50.75,28.75,23.75,54.5,19.5,23.25,29.75,49.75,23.75,29.5
6,2,21,44.5,50.0,51.5,45.0,30.5,34.75,51.25,19.25,25.0,32.5,61.75,28.25,41.5
6,2,22,46.75,49.5,51.0,42.0,38.75,32.5,48.5,21.25,24.0,32.75,59.75,31.0,45.5
6,2,23,47.25,54.75,51.5,43.5,35.75,38.25,42.5,20.5,25.5,44.25,50.0,31.5,44.75
6,3,0,44.0,47.4,50.8,41.2,33.2,33.4,42.8,28.0,22.6,41.8,47.4,28.2,30.4
6,3,1,43.4,45.6,49.8,40.6,38.0,34.0,38.8,26.4,17.4,37.6,38.2,29.8,21.6
6,3,2,55.4,44.8,46.4,38.8,34.6,28.6,39.6,20.6,19.2,32.2,35.8,29.4,22.0
6,3,3,61.6,44.2,46.2,38.0,30.0,27.4,37.2,21.4,25.2,34.8,36.6,28.4,18.4
6,3,4,52.8,44.2,45.8,38.0,29.4,31.4,37.2,26.8,26.4,34.8,41.6,28.2,18.4
6,3,5,51.0,46.2,42.8,37.6,28.2,32.4,32.8,26.0,28.0,37.6,42.8,29.8,18.4
6,3,6,55.0,62.2,40.6,36.0,36.4,33.2,30.2,22.6,30.0,49.8,57.2,32.0,16.2
6,3,7,58.4,64.0,46.0,35.6,41.0,39.8,29.8,29.2,38.0,47.2,65.2,38.4,14.4
6,3,8,54.6,58.2,43.6,37.4,38.2,37.6,39.0,29.4,37.4,47.0,60.0,40.8,14.2
6,3,9,53.8,52.0,47.0,45.0,44.8,33.6,44.6,24.2,37.2,40.0,57.2,37.4,25.8
6,3,10,56.8,56.2,51.2,41.2,42.6,40.4,48.0,21.0,38.0,41.0,62.4,35.2,24.8
6,3,11,55.2,52.2,51.6,48.6,31.8,39.8,51.4,15.8,38.4,31.2,53.0,30.8,27.4
6,3,12,52.2,51.2,48.6,49.2,36.0,30.6,48.0,20.8,30.0,33.6,53.4,32.6,34.0
6,3,13,48.4,54.6,49.8,52.0,35.8,31.8,48.6,22.8,39.6,39.4,49.8,33.0,35.2
6,3,14,49.6,44.0,56.4,53.2,35.8,36.6,51.8,21.4,34.8,43.8,48.6,33.2,38.2
6,3,15,51.4,41.4,52.6,51.0,35.0,37.4,51.4,24.6,28.2,32.4,52.8,34.0,25.0
6,3,16,54.6,59.0,49.4,50.2,38.4,31.2,52.6,21.4,29.2,35.8,53.0,43.8,18.75
6,3,17,56.4,62.2,53.8,51.6,39.0,31.2,52.6,19.2,28.2,37.8,54.4,39.8,25.0
6,3,18,56.8,61.8,52.4,51.0,33.4,32.2,50.2,22.0,25.2,30.2,50.6,34.4,32.0
6,3,19,52.6,54.6,51.0,46.4,34.0,30.0,48.4,25.4,26.2,32.0,47.4,36.8,34.25
6,3,20,51.8,49.6,51.4,47.8,34.4,35.8,46.8,25.2,37.8,43.4,38.0,36.2,39.5
6,3,21,54.4,53.6,48.2,43.4,33.0,31.2,43.8,28.0,29.0,35.4,48.8,32.0,39.25
6,3,22,59.8,47.6,49.0,44.8,35.2,33.6,43.8,35.0,23.2,36.6,49.0,35.0,32.6
6,3,23,47.4,50.6,51.6,45.6,32.4,32.6,40.2,29.4,22.8,41.8,42.0,35.6,26.4
6,4,0,47.6,49.4,49.8,44.2,30.6,37.0,41.8,33.8,20.0,43.6,37.0,34.6,14.5
6,4,1,48.6,48.4,48.8,44.6,34.0,28.8,37.2,31.0,24.2,34.0,36.8,31.0,14.75
6,4,2,53.6,45.6,46.4,43.2,34.6,23.8,36.6,29.0,24.0,26.4,30.4,27.4,20.75
6,4,3,53.6,41.0,46.6,39.8,27.8,19.8,37.0,34.0,24.6,21.0,22.6,27.4,21.75
6,4,4,43.4,41.0,43.0,36.8,27.2,18.6,35.0,33.6,22.8,22.4,23.0,27.8,24.25
6,4,5,37.8,41.6,42.6,36.6,25.2,19.6,30.8,37.4,25.0,22.8,27.6,28.2,17.25
6,4,6,42.4,49.0,42.4,36.2,29.0,25.2,30.6,38.0,22.4,32.2,41.6,28.0,14.6
6,4,7,52.0,52.4,44.0,36.0,28.2,21.2,33.8,35.2,31.8,32.8,44.2,30.8,10.8
6,4,8,56.0,45.6,48.2,38.4,22.4,31.6,39.8,33.2,34.0,46.2,45.2,40.0,11.2
6,4,9,57.4,50.6,51.0,43.0,28.2,36.8,43.6,34.4,31.8,39.0,51.8,42.0,21.8
6,4,10,56.2,54.0,51.4,43.0,31.0,37.6,46.2,36.2,35.6,46.6,51.4,42.0,23.4
6,4,11,55.2,49.6,51.2,44.0,33.8,34.4,48.6,35.0,41.2,48.2,48.5,38.6,20.8
6,4,12,54.4,49.8,55.0,48.0,32.8,42.0,48.8,34.6,42.4,46.4,51.6,39.4,24.2
6,4,13,54.2,51.0,59.2,48.8,30.6,37.8,50.0,29.8,40.8,46.8,48.8,39.2,21.6
6,4,14,50.4,55.2,60.0,49.0,33.8,43.8,51.25,31.0,37.4,46.2,51.8,39.4,22.6
6,4,15,52.6,55.6,54.2,51.4,31.6,42.8,51.75,28.2,37.2,43.2,51.2,39.6,20.0
6,4,16,54.8,55.0,54.4,52.2,35.8,38.0,52.25,29.6,32.0,49.2,59.4,39.2,26.4
6,4,17,49.2,51.2,52.4,50.0,31.8,34.8,41.4,23.4,29.0,47.6,51.2,38.2,33.2
6,4,18,46.0,48.2,54.0,50.8,30.4,28.8,41.0,24.8,30.6,39.2,47.6,36.0,25.2
6,4,19,45.6,56.0,56.2,48.6,31.0,30.4,50.8,24.8,27.4,34.8,44.8,33.8,33.2
6,4,20,46.0,55.6,56.0,46.2,35.4,43.6,37.8,29.6,30.0,36.4,43.2,34.4,34.2
6,4,21,50.8,55.6,52.4,46.8,39.8,42.8,45.0,39.8,29.8,45.0,54.0,37.2,38.4
6,4,22,50.0,54.4,53.2,43.6,35.6,44.0,42.8,36.4,36.2,43.0,50.2,39.4,49.2
6,4,23,53.2,55.6,56.2,48.8,34.8,48.6,42.4,34.4,40.2,46.6,45.2,43.2,43.6
7,0,0,39.0,48.0,45.2,36.8,34.4,34.2,39.2,18.0,26.8,37.8,44.4,27.6,31.6
7,0,1,37.4,44.0,43.4,33.4,33.2,33.2,26.2,19.2,33.6,34.0,38.4,27.8,29.6
7,0,2,53.8,39.6,43.2,32.0,33.4,32.4,26.2,20.2,29.6,31.2,28.2,28.8,29.8
7,0,3,54.8,40.2,43.6,31.0,30.2,29.6,20.8,21.4,26.2,32.0,26.2,32.2,29.0
7,0,4,46.6,41.6,42.4,29.6,31.0,34.6,22.2,21.6,30.0,36.0,29.0,30.0,25.4
7,0,5,45.8,41.0,40.0,31.0,28.2,36.6,29.0,20.4,32.0,40.4,33.6,30.6,21.4
7,0,6,51.0,57.6,32.2,36.6,44.4,41.0,27.2,21.4,36.0,53.8,54.6,35.4,15.6
7,0,7,62.4,60.0,41.6,31.8,44.6,43.0,25.4,22.6,49.2,54.2,62.8,36.6,16.0
7,0,8,52.6,56.6,40.8,36.8,43.4,42.2,34.6,23.6,43.6,41.2,59.4,33.6,18.4
7,0,9,55.6,57.6,43.6,40.2,40.4,37.6,40.4,19.0,41.8,31.8,63.2,34.6,27.2
7,0,10,60.2,52.6,42.4,45.2,36.6,41.6,46.4,15.8,41.8,37.6,61.6,31.2,29.4
7,0,11,58.2,51.6,46.4,45.0,36.4,38.6,45.0,19.2,38.2,34.6,57.4,28.4,31.2
7,0,12,54.6,48.2,46.8,47.2,33.6,38.0,44.8,21.8,40.8,36.0,62.4,28.0,33.2
7,0,13,52.0,50.4,50.4,45.8,31.8,36.2,47.8,23.4,40.0,37.6,61.8,29.2,37.8
7,0,14,63.0,56.0,48.8,46.6,32.2,39.0,48.2,25.2,43.8,36.0,63.4,36.8,32.8
7,0,15,56.0,51.0,49.0,46.2,30.6,38.4,46.4,21.6,42.4,37.6,60.8,38.4,28.8
7,0,16,48.8,48.8,49.6,44.6,30.0,29.2,47.0,23.4,40.4,32.0,49.6,40.2,20.0
7,0,17,51.0,44.2,49.4,46.8,37.2,22.4,48.0,25.2,44.4,26.8,49.2,43.0,21.2
7,0,18,47.4,46.2,52.4,47.4,31.8,28.4,48.4,25.0,42.0,31.2,48.0,45.0,30.6
7,0,19,40.6,44.8,49.0,46.2,37.4,31.4,50.0,23.8,36.0,35.6,52.0,41.4,41.2
7,0,20,44.0,43.0,49.0,45.2,31.6,34.6,46.4,21.8,31.0,33.6,46.4,39.4,35.8
7,0,21,47.2,38.6,46.0,41.0,32.4,30.0,45.0,21.2,28.0,29.4,58.2,41.6,44.2
7,0,22,40.4,40.0,45.4,42.2,33.4,26.6,42.0,20.2,30.2,30.6,45.4,35.2,38.6
7,0,23,41.4,39.4,44.2,42.2,30.6,28.8,37.6,19.2,28.2,32.0,26.2,29.6,35.8
7,1,0,43.5,34.25,36.5,38.25,22.5,25.5,34.0,17.5,22.25,31.75,34.75,29.0,23.0
7,1,1,68.5,34.5,36.5,34.75,29.75,24.0,26.0,16.75,32.25,32.75,31.0,33.75,22.75
7,1,2,65.0,34.0,36.5,31.25,32.75,24.75,31.75,17.75,32.25,31.75,29.0,32.25,21.5
7,1,3,45.25,38.0,35.75,30.5,33.0,23.0,25.25,18.0,29.25,25.0,24.75,31.0,17.25
7,1,4,38.25,30.5,31.25,28.5,31.75,24.25,20.5,18.75,25.25,27.0,23.25,32.5,18.25
7,1,5,35.5,29.0,33.25,30.0,28.5,25.25,23.5,18.5,24.0,29.5,25.25,33.5,13.75
7,1,6,46.0,43.75,31.75,31.0,33.25,29.25,16.75,17.75,28.75,41.0,37.5,32.5,10.5
7,1,7,56.75,49.5,36.75,31.5,41.25,37.0,20.75,18.0,35.0,38.25,45.0,37.25,14.75
7,1,8,58.0,47.0,33.0,34.25,35.0,29.25,30.75,17.75,38.0,36.0,40.75,53.75,11.75
7,1,9,63.0,41.75,33.5,34.75,34.5,28.0,36.0,17.25,43.5,28.0,44.0,46.0,20.5
7,1,10,60.25,37.75,40.75,38.25,40.0,24.5,41.75,18.5,42.0,24.75,48.5,47.5,13.75
7,1,11,58.0,38.5,46.25,41.75,36.75,20.75,37.75,18.25,41.5,27.25,53.0,53.25,31.0
7,1,12,54.75,44.25,43.25,44.5,42.75,21.0,43.5,19.5,40.75,29.25,59.25,52.75,30.5
7,1,13,53.75,45.75,42.25,43.75,45.5,34.5,43.25,16.75,36.0,43.25,55.25,47.75,29.0
7,1,14,48.75,51.0,46.25,43.25,39.25,34.75,43.75,17.75,36.0,42.25,61.0,52.0,21.75
7,1,15,52.5,55.0,42.0,43.25,37.75,34.75,42.5,19.0,44.75,45.75,57.5,63.5,23.75
7,1,16,43.75,53.0,39.5,41.25,33.0,38.25,38.75,20.25,43.75,30.75,50.5,58.25,34.25
7,1,17,47.0,50.75,39.0,39.25,33.25,37.5,41.75,19.75,39.75,30.0,49.75,50.75,27.5
7,1,18,44.75,44.25,38.0,37.75,37.75,18.25,38.75,18.5,34.25,23.5,41.0,44.5,23.0
7,1,19,37.75,36.75,40.0,38.0,29.75,16.0,37.25,19.75,27.0,30.5,40.0,42.75,27.0
7,1,20,34.75,33.75,38.25,42.75,30.0,22.75,39.0,24.75,20.5,27.0,40.5,39.5,36.25
7,1,21,41.75,36.5,35.25,41.75,28.75,27.25,39.5,28.25,19.5,38.25,43.75,38.0,37.25
7,1,22,45.5,31.75,35.5,41.0,27.0,22.75,36.0,26.0,23.75,26.25,37.25,41.25,35.75
7,1,23,43.0,33.25,36.0,40.5,26.75,22.0,34.5,26.5,16.0,30.5,30.0,40.0,30.5
7,2,0,38.75,32.25,35.75,38.75,29.25,24.0,35.75,26.0,19.5,32.5,36.75,38.0,16.75
7,2,1,32.5,30.5,31.0,36.25,28.75,27.25,30.25,25.5,20.75,27.5,40.5,39.25,23.25
7,2,2,42.25,35.5,32.5,34.5,26.75,26.0,27.25,22.25,23.5,29.0,41.25,32.0,21.5
7,2,3,35.75,28.0,32.75,31.25,25.25,26.5,29.75,21.5,22.75,21.5,32.25,27.0,23.5
7,2,4,29.75,29.0,31.25,29.75,22.25,15.0,26.5,18.75,21.25,19.75,30.25,20.75,21.0
7,2,5,24.75,24.5,30.25,30.25,18.25,11.0,24.25,25.75,12.5,22.0,27.25,21.0,13.75
7,2,6,42.5,45.25,27.25,29.5,23.25,19.75,23.5,24.25,15.5,30.5,44.0,24.25,14.75
7,2,7,40.25,46.25,27.75,27.0,25.75,29.75,25.25,22.75,25.25,30.5,51.25,28.5,13.75
7,2,8,41.75,42.0,34.5,30.5,28.0,31.0,24.25,25.0,33.0,31.25,52.0,38.25,12.25
7,2,9,46.0,44.0,29.0,32.75,26.75,30.0,24.75,24.0,32.0,26.25,56.75,38.0,11.25
7,2,10,50.75,41.0,31.0,32.5,25.5,28.5,32.75,21.0,38.25,24.25,53.25,42.5,16.75
7,2,11,50.0,43.25,37.5,36.75,29.25,26.75,35.5,23.25,38.75,26.5,43.0,38.25,20.75
7,2,12,52.25,45.5,36.75,36.75,36.5,31.25,34.0,26.0,41.25,34.0,50.75,23.75,24.75
7,2,13,60.0,43.75,36.0,37.5,31.25,33.5,35.25,22.25,39.0,36.25,47.75,37.25,30.75
7,2,14,45.25,48.0,37.0,41.0,28.0,24.5,39.75,21.5,36.25,27.25,49.75,31.25,20.25
7,2,15,44.0,51.5,42.25,42.5,34.5,26.25,42.75,20.25,33.0,27.5,47.5,31.5,17.25
7,2,16,46.75,51.5,43.5,45.25,37.75,21.25,44.75,20.0,33.25,27.25,64.25,33.75,27.25
7,2,17,49.0,45.0,42.25,42.0,43.5,27.5,45.25,25.25,39.0,29.75,59.75,32.0,29.25
7,2,18,43.75,40.25,45.25,42.75,35.75,23.25,45.75,19.5,33.75,29.75,52.5,27.75,28.75
7,2,19,39.0,40.5,45.75,44.25,35.75,23.0,44.75,21.25,28.5,24.75,54.5,26.75,28.25
7,2,20,38.5,37.0,44.25,43.0,27.25,27.5,44.75,23.75,24.0,34.25,46.75,36.75,32.0
7,2,21,44.75,41.25,42.5,39.75,30.25,28.5,45.75,24.25,21.5,33.0,47.5,34.25,42.0
7,2,22,37.0,42.25,39.75,39.5,33.75,27.75,40.5,24.5,22.0,33.5,51.75,34.25,42.0
7,2,23,41.0,44.25,37.25,39.5,32.75,29.25,39.75,28.25,24.5,32.75,42.5,36.25,36.25
7,3,0,41.25,39.25,36.5,39.25,34.25,26.5,40.0,29.5,18.75,34.25,43.75,33.75,16.75
7,3,1,39.25,32.0,34.75,35.5,35.25,22.25,33.0,24.5,18.5,23.5,37.5,33.75,20.0
7,3,2,44.0,32.75,35.75,35.75,33.75,17.75,29.5,28.25,19.0,23.5,27.5,31.0,19.0
7,3,3,46.0,31.75,35.75,33.75,28.75,16.5,33.0,28.75,19.75,19.75,23.75,27.25,17.75
7,3,4,35.75,30.25,35.25,34.25,24.25,19.5,29.75,39.25,20.0,20.25,25.75,27.0,18.75
7,3,5,31.0,27.75,33.25,33.5,23.0,16.0,29.5,41.5,16.75,25.75,23.75,26.25,16.5
7,3,6,45.0,46.75,30.5,31.5,28.5,21.75,28.25,38.75,22.75,29.5,38.75,27.25,11.0
7,3,7,54.0,42.0,27.5,31.0,30.5,25.0,28.5,27.0,38.0,25.0,46.0,29.75,9.75
7,3,8,45.75,41.25,35.75,31.25,34.0,33.25,31.5,21.25,38.5,32.25,43.25,33.5,12.0
7,3,9,51.5,43.75,31.75,35.5,32.5,27.5,33.5,23.25,44.75,29.75,47.0,32.75,16.0
7,3,10,53.5,46.0,35.25,38.5,31.25,24.5,36.5,17.25,43.25,21.75,42.75,38.5,14.5
7,3,11,51.5,40.5,38.75,39.75,28.5,22.5,39.75,14.5,36.5,17.75,40.75,17.25,17.25
7,3,12,44.25,45.0,43.75,38.5,24.25,24.0,42.0,18.75,39.5,26.25,59.25,34.5,23.75
7,3,13,46.75,41.0,41.5,42.5,23.75,30.75,39.0,22.25,43.0,41.0,56.5,35.0,27.0
7,3,14,44.25,44.25,41.0,43.5,25.0,27.75,45.25,23.25,34.25,25.5,43.25,23.25,24.75
7,3,15,47.5,51.75,38.5,44.25,29.0,22.5,45.75,17.0,42.0,29.75,51.75,22.5,11.75
7,3,16,41.25,49.0,41.0,47.5,28.0,27.75,45.0,16.5,43.25,34.75,53.0,20.75,22.5
7,3,17,43.5,45.75,43.25,44.25,24.25,19.5,42.75,23.0,26.5,30.5,41.25,18.5,28.5
7,3,18,34.75,42.25,41.75,40.25,24.5,22.0,41.25,18.75,23.25,29.0,34.0,19.75,26.25
7,3,19,37.5,39.0,39.0,40.75,22.75,22.25,38.5,20.5,19.25,31.75,40.75,19.5,22.75
7,3,20,35.0,37.5,37.0,36.0,22.0,27.5,35.0,14.25,16.5,28.75,31.75,21.25,31.25
7,3,21,39.25,37.0,32.5,34.0,24.5,24.0,26.0,16.25,21.25,27.25,42.75,21.5,33.5
7,3,22,37.75,36.0,30.75,27.5,26.25,22.0,31.5,25.25,22.75,26.25,39.75,22.0,36.25
7,3,23,37.75,32.75,30.25,24.0,25.5,19.75,30.75,25.25,25.25,30.0,32.75,21.5,34.75
7,4,0,32.75,33.75,32.0,22.25,24.5,21.25,26.5,19.0,21.75,35.0,30.25,20.5,25.75
7,4,1,35.5,28.75,30.5,23.5,21.75,21.5,24.0,14.5,23.0,24.75,33.25,20.75,9.5
7,4,2,39.25,30.0,32.5,28.75,27.5,16.25,27.0,14.75,19.75,19.25,29.5,20.5,9.25
7,4,3,38.5,31.25,33.75,29.5,20.0,20.0,27.25,16.25,15.25,20.0,25.75,19.0,11.75
7,4,4,37.0,28.75,31.5,28.75,21.0,20.25,24.75,17.0,12.5,27.0,26.25,17.75,16.5
7,4,5,32.25,26.75,28.75,27.5,19.0,20.25,26.0,18.75,17.5,25.75,25.5,18.5,13.75
7,4,6,38.75,40.5,25.5,27.25,28.0,26.25,25.0,21.5,21.0,38.0,36.5,20.25,14.0
7,4,7,46.0,44.0,28.5,30.5,22.0,29.75,26.75,24.5,30.25,32.5,43.25,25.25,11.0
7,4,8,43.5,38.25,31.25,36.25,19.75,24.25,30.5,25.25,29.0,32.0,43.0,38.5,9.75
7,4,9,47.5,39.25,36.5,39.25,32.25,25.0,35.75,24.0,28.75,27.0,44.0,34.25,16.0
7,4,10,42.5,36.0,33.25,43.25,29.5,25.25,35.75,22.75,39.75,18.5,46.75,42.25,19.25
7,4,11,43.25,39.25,36.75,45.5,25.25,21.5,42.75,18.5,39.25,18.75,44.75,39.75,23.75
7,4,12,47.75,40.5,36.5,47.0,26.25,23.75,48.5,19.25,48.0,25.75,57.25,34.0,31.25
7,4,13,47.25,48.75,48.0,48.5,28.0,26.75,52.0,17.75,44.5,19.0,50.5,34.75,37.5
7,4,14,49.5,47.75,50.25,47.75,27.25,25.0,53.75,15.75,36.75,24.5,47.25,33.5,36.75
7,4,15,50.75,44.75,51.25,49.0,26.0,30.25,53.25,15.25,34.5,26.75,49.25,26.0,23.0
7,4,16,42.75,43.75,50.5,47.0,25.25,21.75,51.25,14.75,25.5,29.5,55.75,26.5,19.0
7,4,17,35.25,38.75,48.75,48.5,24.5,21.75,50.5,14.75,21.25,28.75,50.5,22.75,25.25
7,4,18,33.75,41.25,51.0,50.0,18.5,18.25,49.75,14.25,22.75,18.75,40.75,17.0,18.75
7,4,19,33.25,43.25,52.25,49.0,17.25,14.75,49.25,16.75,18.5,22.5,44.0,16.25,22.75
7,4,20,30.5,45.0,49.25,49.75,18.0,26.25,46.0,14.75,20.25,23.75,37.75,14.75,26.25
7,4,21,36.25,44.0,46.5,44.25,18.5,33.75,43.25,16.0,20.0,27.75,52.25,16.25,30.0
7,4,22,33.0,46.75,43.75,37.75,27.0,38.5,38.0,16.5,23.75,29.5,49.0,19.0,39.75
7,4,23,34.5,52.0,41.75,31.75,32.25,39.75,37.0,19.75,23.75,36.0,35.5,19.25,44.5
8,0,0,26.0,34.5,38.5,31.75,26.0,23.25,29.0,14.0,17.0,28.5,29.75,19.333333333333332,24.5
8,0,1,22.75,35.0,38.0,31.0,34.666666666666664,24.5,22.0,19.25,24.5,21.75,23.5,18.333333333333332,22.25
8,0,2,30.5,35.25,38.5,31.0,32.333333333333336,27.0,21.25,16.0,24.25,24.0,16.25,17.666666666666668,17.25
8,0,3,34.75,32.75,36.25,29.0,21.0,24.0,20.5,15.0,17.75,21.75,15.25,18.333333333333332,18.5
8,0,4,31.75,28.25,32.0,26.75,18.666666666666668,22.5,20.0,14.0,16.5,22.25,17.5,19.333333333333332,30.0
8,0,5,26.5,33.75,28.75,24.5,20.666666666666668,22.0,23.0,16.75,22.0,27.5,19.0,20.0,20.25
8,0,6,41.0,55.0,28.5,22.25,26.333333333333332,30.25,18.75,19.25,30.25,36.0,45.25,21.666666666666668,19.25
8,0,7,48.75,59.0,36.25,24.5,34.0,36.25,18.75,22.0,41.0,42.25,53.0,26.666666666666668,12.25
8,0,8,48.0,54.75,39.75,28.25,43.333333333333336,40.25,21.25,19.75,43.5,46.75,51.0,29.333333333333332,15.0
8,0,9,53.5,52.5,35.0,30.75,33.666666666666664,36.0,26.0,20.0,44.75,29.5,58.0,20.75,16.75
8,0,10,51.25,47.5,34.25,34.0,37.0,30.0,34.75,19.0,52.5,23.25,52.5,21.0,15.5
8,0,11,42.75,52.75,39.75,38.0,30.666666666666668,33.0,38.25,17.0,50.25,15.0,52.5,23.25,16.5
8,0,12,43.5,51.0,39.5,40.5,33.666666666666664,32.75,42.25,15.75,57.0,20.0,60.25,23.0,27.25
8,0,13,44.5,50.5,36.25,40.25,26.75,29.25,43.75,14.75,51.25,18.75,68.25,24.25,27.75
8,0,14,49.25,61.25,40.0,40.5,45.5,29.5,44.5,15.25,52.75,25.5,60.5,23.25,24.25
8,0,15,51.5,70.75,41.75,40.25,43.25,38.5,45.0,22.25,55.75,35.75,63.75,23.25,21.5
8,0,16,47.25,71.5,43.0,39.75,39.5,29.75,45.0,21.25,43.75,23.25,61.75,22.5,20.5
8,0,17,37.25,51.25,40.5,36.5,35.5,26.0,46.0,18.0,40.0,29.0,53.0,24.5,24.0
8,0,18,34.25,48.5,44.25,41.0,31.5,29.25,45.0,18.75,44.5,28.75,51.25,23.75,19.5
8,0,19,38.0,45.5,42.0,36.5,28.0,34.0,46.75,21.5,38.75,36.75,52.75,25.75,24.5
8,0,20,40.75,52.5,41.5,35.75,35.25,37.75,42.25,18.5,44.25,39.75,50.5,32.0,44.75
8,0,21,41.25,54.75,37.0,30.5,43.25,37.75,39.0,19.0,52.25,40.0,63.25,49.75,49.75
8,0,22,37.75,52.5,35.5,36.0,43.0,38.25,32.5,17.75,50.75,43.5,58.25,36.25,44.0
8,0,23,33.0,46.0,38.0,43.75,35.75,42.75,21.25,18.25,48.75,42.25,37.0,28.75,34.5
8,1,0,27.0,43.8,40.8,42.2,32.0,33.2,21.8,19.8,32.6,35.4,36.0,29.4,27.8
8,1,1,34.0,42.0,38.8,37.6,30.2,30.4,21.2,19.0,29.4,41.0,33.2,29.2,18.4
8,1,2,45.4,38.2,39.6,34.6,31.2,27.4,25.2,18.6,37.0,31.4,21.4,29.2,21.6
8,1,3,36.2,39.0,37.4,30.6,31.4,30.2,26.8,17.6,33.0,33.4,23.6,28.6,22.0
8,1,4,47.6,52.6,33.0,29.8,26.0,32.6,25.6,18.8,33.0,36.0,24.2,28.2,22.4
8,1,5,48.2,54.0,32.6,30.8,29.2,29.8,24.6,22.2,34.8,27.8,30.8,28.0,20.8
8,1,6,59.2,73.6,38.6,35.2,38.0,44.6,14.2,26.4,49.2,53.6,56.0,30.0,19.8
8,1,7,56.0,76.6,46.4,35.2,46.0,56.2,19.6,21.6,73.4,54.2,66.0,34.6,16.4
8,1,8,56.8,73.4,46.0,38.0,52.8,53.4,19.8,20.4,72.4,51.6,67.6,40.8,23.2
8,1,9,57.0,67.0,45.6,39.2,48.6,44.0,29.8,19.4,66.8,40.4,69.2,30.6,27.6
8,1,10,62.2,58.4,44.4,45.4,30.8,38.6,42.0,19.6,61.2,36.0,70.4,30.6,15.6
8,1,11,61.4,57.0,51.6,45.4,32.4,41.6,49.0,22.0,57.2,37.2,60.8,31.2,23.4
8,1,12,61.4,52.4,54.0,42.0,37.0,28.0,45.2,25.6,58.0,24.4,60.6,30.8,32.2
8,1,13,59.2,52.0,51.2,51.4,35.0,31.0,53.4,24.8,58.0,32.4,51.8,28.4,33.2
8,1,14,58.4,56.6,54.2,55.6,31.8,29.2,53.8,17.6,58.0,27.0,58.6,23.0,38.0
8,1,15,57.6,59.2,57.2,57.2,33.2,38.4,56.2,17.6,58.8,35.0,62.0,23.4,28.8
8,1,16,51.2,67.8,59.8,56.6,37.0,37.2,54.8,16.4,46.2,29.0,69.6,25.2,19.2
8,1,17,45.0,59.4,56.4,55.0,33.8,31.0,56.2,17.4,39.2,28.2,63.6,26.0,27.2
8,1,18,42.8,51.6,57.6,56.6,36.2,30.8,55.6,17.6,37.6,36.8,62.2,26.2,32.0
8,1,19,43.6,47.8,57.8,56.0,33.2,34.2,52.4,18.8,43.0,26.4,58.8,32.8,34.0
8,1,20,41.2,51.2,58.8,53.8,38.2,39.0,49.6,21.0,38.8,39.4,46.6,37.0,33.8
8,1,21,49.2,51.2,55.0,43.6,40.0,37.6,44.4,21.6,37.8,38.2,59.8,35.6,38.0
8,1,22,46.4,51.4,52.8,43.6,40.2,35.0,41.0,21.0,45.0,40.0,49.6,29.6,39.0
8,1,23,42.0,52.4,50.6,38.8,35.0,32.2,42.8,19.8,43.2,32.0,31.2,28.6,34.6
8,2,0,43.0,46.8,46.2,39.6,36.6,32.2,32.4,24.2,38.2,32.2,36.6,27.2,15.8
8,2,1,40.4,47.4,40.4,40.8,33.0,25.8,25.2,22.2,30.8,27.8,31.2,28.4,22.6
8,2,2,51.2,45.6,41.4,38.6,33.4,33.6,27.8,20.8,33.2,24.4,27.8,31.2,28.0
8,2,3,51.6,48.2,42.4,42.4,37.2,28.0,33.0,22.8,32.8,26.0,28.8,33.0,20.0
8,2,4,49.6,47.8,37.4,40.2,33.8,26.8,31.6,24.0,32.2,23.6,21.2,34.8,26.0
8,2,5,45.0,48.4,40.4,39.2,35.2,28.8,36.4,23.8,35.2,34.2,31.4,32.2,23.4
8,2,6,53.6,54.0,44.4,37.4,40.0,37.6,33.4,26.4,46.4,43.4,45.8,33.4,20.8
8,2,7,63.6,61.6,41.0,37.6,56.6,42.4,32.0,23.6,51.0,42.0,51.8,35.2,15.8
8,2,8,62.4,62.6,42.6,39.8,55.6,41.8,28.2,24.0,49.0,45.6,59.4,36.4,18.2
8,2,9,64.4,57.4,42.0,38.6,50.4,39.0,34.4,20.2,50.0,39.2,63.8,34.0,18.2
8,2,10,58.6,52.6,41.8,40.6,44.6,38.0,38.2,20.6,53.0,35.2,63.2,32.8,18.8
8,2,11,56.0,50.6,40.2,40.6,38.8,36.6,40.8,25.8,47.25,34.2,55.6,34.6,29.2
8,2,12,54.0,49.2,40.0,41.4,37.6,35.2,44.0,28.2,53.0,34.6,53.4,34.2,20.8
8,2,13,57.2,49.0,43.4,42.4,36.8,32.2,48.4,29.2,55.75,34.0,52.4,31.4,30.2
8,2,14,54.0,51.4,45.2,46.8,39.6,33.6,51.0,28.4,57.25,43.0,58.8,33.0,33.4
8,2,15,55.0,52.2,50.2,49.2,41.2,34.2,51.6,29.4,55.5,43.2,53.0,36.2,24.2
8,2,16,54.0,52.0,53.6,51.4,40.6,38.4,53.0,31.6,50.5,40.8,65.4,40.2,24.0
8,2,17,56.4,52.8,51.6,49.2,44.4,34.8,54.0,29.0,47.75,43.8,56.4,43.2,29.8
8,2,18,51.4,50.2,50.0,50.0,44.2,31.6,51.0,25.2,44.0,38.8,53.4,43.4,39.0
8,2,19,52.4,49.8,47.0,50.0,49.4,39.0,49.6,24.6,38.25,41.0,49.2,40.4,36.4
8,2,20,50.0,46.2,46.8,46.6,43.6,40.8,45.8,24.6,36.0,43.4,43.6,41.8,43.8
8,2,21,49.4,46.4,44.6,42.4,42.0,37.0,42.8,25.4,39.25,37.4,52.6,42.4,45.6
8,2,22,48.6,45.2,44.0,41.6,40.8,36.2,42.4,28.0,37.5,40.0,42.8,37.0,37.6
8,2,23,42.2,43.2,42.8,42.8,39.4,37.8,34.8,28.2,36.5,47.0,39.4,36.2,32.6
8,3,0,37.0,42.6,46.0,43.6,36.6,36.2,34.4,30.6,29.0,40.2,40.0,37.8,24.0
8,3,1,39.8,45.8,47.4,41.2,34.4,32.8,36.2,31.4,30.25,37.6,38.2,40.0,18.4
8,3,2,55.0,44.8,45.0,44.4,39.6,32.2,33.6,31.0,33.25,38.2,33.2,43.2,25.2
8,3,3,51.0,43.0,44.4,44.2,36.6,34.8,38.4,32.2,36.0,34.2,33.0,41.0,28.8
8,3,4,49.0,40.2,42.4,44.2,38.4,38.2,31.6,34.6,30.5,38.4,34.2,42.2,30.4
8,3,5,50.6,41.0,41.8,44.4,41.0,35.8,34.6,32.4,29.5,43.6,33.0,42.0,33.4
8,3,6,52.2,52.6,40.8,44.2,44.0,43.2,38.8,30.0,34.0,40.2,50.6,41.6,26.8
8,3,7,61.4,59.4,47.8,42.6,50.4,43.6,38.2,33.2,46.5,51.0,58.0,47.2,31.0
8,3,8,58.0,60.0,49.2,46.6,48.8,47.4,39.6,31.6,45.25,45.4,59.0,46.2,22.6
8,3,9,62.6,60.4,51.2,47.4,44.4,44.6,46.0,32.6,34.0,46.6,65.4,43.6,24.6
8,3,10,68.0,57.8,55.2,49.8,43.4,43.4,48.4,33.8,41.4,49.2,65.0,40.8,23.8
8,3,11,62.2,55.6,54.4,49.2,41.8,41.8,47.6,32.4,52.4,45.0,58.6,41.2,25.0
8,3,12,63.0,51.6,50.6,53.4,38.8,44.0,47.0,30.0,46.6,41.2,55.0,41.0,24.0
8,3,13,58.8,49.4,55.0,54.0,40.8,41.4,51.0,32.0,47.6,42.2,52.2,40.4,31.8
8,3,14,63.2,55.2,57.2,56.0,39.2,39.0,51.4,32.6,48.8,43.2,54.4,39.2,34.6
8,3,15,61.2,55.8,58.0,58.0,47.0,44.4,58.6,30.8,49.8,50.2,51.8,42.4,26.8
8,3,16,60.6,58.8,59.6,58.4,50.2,39.0,56.2,28.4,45.8,41.0,64.0,41.0,38.0
8,3,17,57.6,59.4,60.8,59.0,50.0,37.8,55.6,27.0,42.0,46.8,54.6,41.4,38.8
8,3,18,57.8,62.4,63.0,59.0,45.2,43.4,55.2,28.6,40.2,46.4,56.0,38.6,42.6
8,3,19,53.0,61.8,62.2,58.2,45.2,42.4,56.4,28.0,42.4,45.4,54.4,39.2,39.0
8,3,20,48.4,56.6,57.6,54.2,45.4,41.6,51.0,29.2,42.2,42.8,49.0,38.0,50.4
8,3,21,50.0,50.8,55.2,52.6,42.4,44.2,49.4,38.2,42.6,39.8,56.2,37.0,44.8
8,3,22,49.4,49.8,52.8,49.6,45.6,37.8,43.8,32.0,47.2,40.2,49.2,38.6,45.2
8,3,23,45.8,48.2,52.6,46.0,40.4,39.2,45.6,32.2,43.4,45.6,43.8,40.6,40.4
8,4,0,41.5,46.0,50.5,43.25,34.5,36.75,37.0,32.0,38.5,42.0,38.25,36.75,35.25
8,4,1,50.5,46.0,45.0,42.0,36.0,36.0,32.25,29.5,35.75,36.75,35.0,36.75,28.25
8,4,2,56.75,43.0,47.0,42.0,39.5,36.0,30.25,30.75,34.5,34.5,34.75,37.25,27.25
8,4,3,47.25,44.25,45.0,40.5,35.75,36.0,29.25,29.5,29.75,34.25,28.0,36.25,30.0
8,4,4,48.75,41.25,44.25,41.75,36.0,31.75,32.5,30.0,24.25,33.75,26.75,36.75,26.5
8,4,5,45.5,43.25,42.5,42.75,35.25,30.0,33.75,30.25,29.75,30.75,32.5,39.25,23.25
8,4,6,54.75,52.0,44.25,42.0,38.75,36.0,34.75,31.75,38.0,38.75,43.5,43.0,27.5
8,4,7,60.75,61.25,50.5,48.5,42.5,41.25,36.5,33.25,49.0,52.5,50.5,43.25,25.0
8,4,8,62.0,65.0,52.25,48.25,46.5,46.25,41.5,34.25,49.25,44.75,60.0,43.75,33.75
8,4,9,70.0,60.0,53.0,47.75,53.75,42.0,45.5,32.5,50.5,40.5,54.25,44.5,29.5
8,4,10,66.0,62.0,45.5,44.0,57.0,48.25,45.5,30.0,52.0,40.0,60.5,44.0,27.25
8,4,11,67.25,64.5,45.75,42.5,58.5,47.75,45.5,28.5,54.75,45.25,66.25,48.75,21.5
8,4,12,55.75,65.5,48.75,51.5,49.5,53.75,47.0,21.75,54.75,51.0,68.25,36.0,18.5
8,4,13,51.5,62.75,52.0,53.75,41.0,46.25,53.0,18.75,64.75,43.75,64.0,31.75,25.0
8,4,14,46.25,66.33333333333333,50.5,52.75,36.25,37.25,55.25,15.25,54.75,26.75,65.0,29.25,28.75
8,4,15,48.25,70.25,55.5,55.25,38.25,37.25,55.75,15.0,49.5,40.25,65.0,23.75,25.75
8,4,16,51.5,66.5,56.0,52.0,32.5,38.25,53.25,16.25,41.0,23.25,66.25,24.25,26.0
8,4,17,50.75,62.75,53.5,50.25,32.25,37.0,52.0,16.75,39.75,24.5,56.25,31.5,21.25
8,4,18,42.75,59.5,50.0,47.75,46.75,35.5,50.25,20.25,41.5,27.75,61.25,26.0,27.5
8,4,19,42.25,55.5,50.5,51.0,35.5,38.5,47.0,17.5,42.75,28.5,59.5,25.25,29.5
8,4,20,39.75,51.0,51.75,49.5,31.0,39.75,51.5,18.25,39.25,37.5,51.75,27.25,30.0
8,4,21,42.5,50.25,50.75,53.25,32.75,37.5,49.75,23.75,33.5,27.25,60.5,28.75,40.0
8,4,22,48.0,52.5,47.5,48.75,33.5,41.0,43.75,35.0,32.75,30.75,45.5,31.75,34.5
8,4,23,45.0,46.0,48.5,40.5,30.0,33.75,41.25,38.0,35.0,38.5,30.0,32.25,31.75
