Date & Time,Mannerheimintie,Mäkelänkatu2,Kallio2,Vartiokylä,Leppävaara4,Tikkurila3,Luukki,Lohja,Porvoo(M5),Vuosaari(M4),Puistola(M1),Lintuvaara(M2),Hämeenlinnanväylä(M3)
2016-01-01,6.373556390286517,-1.386968401045344,1.4851882472663505,3.881454423061683,-2.6793481908025143,3.7333873558927095,7.663479052823327,-8.274341778440153,25.025991375606615,-1.1205328571260722,0.7642825686604482,9.171936758893267,-19.024426124722055
2016-01-02,12.373556390286517,0.8213649322879988,-5.056478419400335,-2.368545576938317,0.4456518091974857,1.191720689226031,-2.8781876138433375,-5.066008445106824,2.3176580422732727,1.296133809540585,-0.9023840980062232,4.130270092226603,-9.06609279138872
2016-01-03,12.040223056953174,-11.928635067712001,-14.098145086066992,-6.660212243605002,-5.012681524135836,-5.1416126441072905,-4.836520947176673,-4.649341778440153,-2.640675291060063,-8.412199523792744,6.139282568660434,4.171936758893267,-3.9827594580553836
2016-01-04,1.3735563902865167,-13.678635067712001,-2.7648117527336495,-12.410212243604995,-6.262681524135836,-3.724945977440626,-5.6281876138433375,-7.566008445106824,4.900991375606608,-1.953866190459408,-0.027384098006223212,8.171936758893267,-9.982759458055384
2016-01-05,6.956889723619831,-14.720301734378666,-8.348145086066992,-18.24354557693833,-10.4293481908025,-4.349945977440626,-6.6281876138433375,-11.066008445106817,1.6926580422732727,-4.5371995237927365,-2.735717431339552,0.17193675889326698,-7.524426124722048
2016-01-06,2.6235563902865167,-5.720301734378658,-0.26481175273364954,-6.243545576938324,3.9873184758641713,11.941720689226031,0.45514571948998395,0.18399155489317565,5.942658042273273,11.004467142873928,11.805949235327112,17.00527009222661,4.517240541944616
2016-01-07,14.040223056953174,4.363031598954656,9.068521580599665,14.29812108972834,20.570651809197486,23.025054022559374,-0.794854280510016,22.850658221559847,15.025991375606615,22.96280047620727,33.72261590199378,29.213603425559924,34.017240541944616
2016-01-08,17.730440448257518,14.696364932287999,12.318521580599665,19.214787756395012,28.5706518091975,35.900054022559374,5.913479052823327,32.267324888226504,32.6509913756066,23.921133809540585,42.47261590199378,47.505270092226596,37.475573875277945
2016-01-09,7.748556390286517,1.113031598954656,8.651854913933008,7.006454423061683,16.11231847586417,19.775054022559374,16.663479052823327,22.43399155489319,11.067658042273273,20.96280047620727,27.639282568660434,28.63027009222661,12.60057387527796
2016-01-10,11.206889723619831,0.8213649322879988,8.151854913933008,6.589787756394998,18.98731847586417,19.44172068922603,11.62181238615667,20.68399155489319,12.85932470893993,20.671133809540585,28.30594923532712,30.880270092226596,13.72557387527796
2016-01-11,-7.459776943046826,-9.636968401045344,-4.806478419400335,0.7981210897283404,-3.637681524135836,-8.058279310773955,2.9968123861566696,-6.441008445106824,-1.9740086243933916,-7.203866190459401,0.9309492353271054,1.7552700922266027,-18.066092791388712
2016-01-12,2.7485563902865167,-14.636968401045344,-5.681478419400335,-2.6602122436050024,-8.387681524135836,-10.683279310773955,4.830145719489984,-7.482675111773485,-3.390675291060063,-6.787199523792744,-2.402384098006223,-0.24472990777339731,-19.191092791388712
2016-01-13,5.581889723619831,-11.053635067712001,-0.8064784194003352,-2.4518789102716596,-11.4293481908025,-6.808279310773955,7.538479052823327,-6.066008445106824,-2.5990086243933916,-6.328866190459401,-1.5110797501801336,-1.7863965744400616,-13.357759458055384
2016-01-14,9.998556390286517,7.529698265621342,1.1935215805996648,-4.035212243605002,-3.512681524135836,7.400054022559374,3.9134790528233268,0.9339915548931756,-10.557341957726727,18.129467142873928,13.097615901993777,-1.4113965744400616,12.85057387527796
2016-01-15,10.831889723619831,15.321364932287999,2.193521580599665,4.839787756394998,11.028985142530829,15.066720689226031,2.1218123861566696,7.142324888226511,-0.18234195772672734,15.46280047620727,16.764282568660434,3.588603425559924,27.600573875277945
2016-01-16,15.915223056953174,22.154698265621327,7.026854913933008,18.714787756395012,33.90398514253083,43.775054022559374,-9.711520947176673,14.600658221559847,25.650991375606615,29.7961338095406,52.055949235327105,41.755270092226596,37.43390720861129
2016-01-17,1.831889723619831,-4.803635067712001,-6.223145086066992,-0.9102122436050024,7.862318475864171,13.650054022559374,-7.211520947176673,1.2673248882265185,14.942658042273273,13.379467142873928,20.222615901993777,8.713603425559924,10.72557387527796
2016-01-18,10.403318295048422,-1.386968401045344,0.5268549139330077,-6.70187891027166,9.945651809197486,12.816720689226031,-1.419854280510016,21.43399155489319,11.150991375606615,14.21280047620727,19.05594923532712,18.00527009222661,9.47557387527796
2016-01-19,14.748556390286502,0.1546982656213416,7.151854913933008,-4.410212243605002,13.903985142530829,11.275054022559374,2.5384790528233268,12.225658221559847,3.60932470893993,13.921133809540585,16.010659380254644,18.00527009222661,6.903110107162007
2016-01-20,16.165223056953174,3.7796982656213416,7.526854913933008,-5.660212243605002,17.02898514253083,13.941720689226031,-1.1281876138433375,11.808991554893183,8.067658042273273,11.33780047620727,15.80594923532712,20.25527009222661,19.933907208611274
2016-01-21,24.998556390286502,14.529698265621327,20.485188247266336,16.42312108972834,22.820651809197486,23.56672068922603,-3.3365209471766732,22.642324888226504,11.775991375606615,16.21280047620727,28.30594923532712,23.546936758893267,21.392240541944616
2016-01-22,25.915223056953174,18.11303159895467,19.026854913933008,8.881454423061683,33.6956518091975,30.483387355892702,4.288479052823327,30.475658221559847,19.317658042273273,21.004467142873928,29.18094923532712,33.255270092226596,30.642240541944616
2016-01-23,-11.25144360971349,2.613031598954656,-5.514811752733657,-7.743545576938324,7.112318475864171,5.733387355892717,2.4968123861566696,-8.44100844510682,3.98432470893993,-1.7455328571260722,6.1809492353271125,6.630270092226603,12.85057387527796
2016-01-24,8.956889723619831,6.696364932287999,13.11018824726635,15.29812108972834,14.570651809197486,16.06672068922603,19.955145719489984,7.392324888226511,1.9426580422732727,18.379467142873928,25.014282568660434,28.296936758893267,16.058907208611274
2016-01-25,12.956889723619831,19.779698265621327,4.818521580599665,6.964787756394998,15.153985142530829,17.44172068922603,6.87181238615667,-1.899341778440153,3.9426580422732727,24.83780047620727,19.014282568660434,12.50527009222661,27.600573875277945
2016-01-26,-14.62644360971349,0.863031598954656,-11.264811752733657,-8.70187891027166,-9.9293481908025,-8.641612644107298,-6.0031876138433375,-14.566008445106817,-13.224008624393399,-13.162199523792744,-8.819050764672895,-11.703063241106733,-2.274426124722048
2016-01-27,-12.25144360971349,4.779698265621342,-8.264811752733657,-5.535212243605002,1.8206518091974857,2.2333873558927095,1.1218123861566696,-11.482675111773489,-6.640675291060056,-9.287199523792744,-4.360717431339552,-5.411396574440062,15.183907208611274
2016-01-28,-14.62644360971349,2.4046982656213416,-5.848145086066992,-4.910212243605002,-9.762681524135843,-8.683279310773955,5.24681238615667,-10.274341778440153,-13.099008624393399,-14.662199523792744,-12.527384098006223,-16.786396574440065,5.517240541944616
2016-01-29,-11.543110276380169,6.863031598954656,-2.8481450860669923,1.1731210897283404,-11.012681524135843,-3.099945977440626,11.580145719489984,-14.399341778440153,-16.2240086243934,-11.5788661904594,-13.069050764672891,-13.619729907773404,-0.19109279138872637
2016-01-30,-6.626443609713483,-6.970301734378658,1.4435215805996648,-0.1185455769383168,-3.9293481908025143,-2.974945977440626,13.955145719489984,-1.9826751117734815,-2.1823419577267273,-2.078866190459408,4.0559492353271125,-0.4947299077733973,-10.941092791388712
2016-01-31,-14.50144360971349,-0.13696840104534402,7.568521580599665,6.54812108972834,-4.512681524135836,-9.724945977440626,18.955145719489984,-6.732675111773485,-5.765675291060056,-6.995532857126072,-4.735717431339552,-13.744729907773404,-6.441092791388719
2016-02-01,-7.334776943046826,7.279698265621342,-2.3481450860669923,0.1314544230616832,-5.762681524135836,-5.7666126441072905,6.455145719489984,-12.649341778440153,-11.599008624393399,-5.203866190459401,-6.444050764672895,-13.911396574440065,10.47557387527796
2016-02-02,-12.543110276380169,8.98803159895467,-0.13981175273364954,4.04812108972834,-11.012681524135843,-13.433279310773955,13.580145719489984,-19.857675111773485,-17.5990086243934,-13.8288661904594,-16.069050764672888,-21.28639657444007,-1.1077594580553836
2016-02-03,3.1235563902865167,-5.095301734378658,-1.1814784194003352,-6.45187891027166,-4.762681524135836,-11.933279310773955,7.49681238615667,-7.649341778440153,-10.349008624393399,-6.537199523792744,-4.194050764672895,-10.286396574440062,0.36951326921734307
2016-02-04,-7.293110276380169,10.029698265621327,-2.1398117527336495,-1.7852122436050024,0.2373184758641642,0.816720689226031,6.955145719489984,-13.524341778440153,-9.057341957726727,-3.745532857126072,-7.610717431339552,-11.661396574440062,12.84224054194462
2016-02-05,-6.709776943046826,-6.386968401045344,-7.139811752733657,0.5481210897283404,-17.637681524135843,-15.099945977440626,6.538479052823327,-14.191008445106817,-26.557341957726727,-10.2038661904594,-13.777384098006223,-18.369729907773397,-2.0660927913887264
2016-02-06,-11.543110276380169,-8.845301734378658,-6.306478419400335,-0.9935455769383168,-7.762681524135836,-13.891612644107298,1.1634790528233268,-11.941008445106817,-15.224008624393399,-11.745532857126072,-10.819050764672895,-6.244729907773404,-7.566092791388719
2016-02-07,4.915223056953174,0.488031598954656,5.8601882472663505,11.381454423061683,6.195651809197486,12.983387355892717,-0.7531876138433375,20.892324888226504,1.1093247089399298,16.46280047620727,9.389282568660434,12.546936758893267,15.558907208611274
2016-02-08,10.790223056953174,10.279698265621327,6.276854913933008,11.089787756394998,16.27898514253083,16.900054022559374,15.705145719489984,22.80899155489319,2.23432470893993,21.379467142873928,24.764282568660434,27.088603425559924,23.642240541944616
2016-02-09,0.831889723619831,1.613031598954656,3.2768549139330077,9.29812108972834,8.737318475864171,8.858387355892717,12.580145719489984,8.558991554893183,-1.8490086243933916,13.129467142873928,14.889282568660434,15.75527009222661,11.35057387527796
2016-02-10,0.45688972361983105,1.238031598954656,0.6935215805996648,3.506454423061683,7.695651809197486,5.566720689226031,5.580145719489984,4.308991554893176,-3.390675291060063,11.296133809540585,6.222615901993777,7.630270092226603,2.6422405419446164
2016-02-11,-5.543110276380169,-4.095301734378658,-4.431478419400335,0.3814544230616832,-3.012681524135836,-1.2666126441072905,3.9134790528233268,-6.982675111773485,-2.6823419577267273,14.33780047620727,7.597615901993777,12.00527009222661,-5.274426124722048
2016-02-12,-14.543110276380162,-8.011968401045344,-2.931478419400335,6.131454423061683,-9.137681524135843,-15.683279310773955,6.538479052823327,-15.982675111773487,-17.76567529106006,-8.162199523792744,-7.902384098006223,-7.619729907773404,-12.857759458055384
2016-02-13,-13.87644360971349,-10.011968401045344,-2.8481450860669923,5.79812108972834,-13.596014857469171,-14.724945977440626,4.74681238615667,-13.316008445106817,-19.474008624393395,-12.995532857126072,-13.652384098006223,-12.203063241106733,-12.191092791388712
2016-02-14,-4.834776943046826,-14.636968401045344,-4.973145086066992,2.381454423061683,-2.4293481908025143,-9.933279310773955,0.6218123861566696,-0.06600844510682435,-12.307341957726727,-4.078866190459408,-2.110717431339552,3.671936758893267,-15.732759458055384
2016-02-15,0.33188972361983105,-5.261968401045344,-5.681478419400335,-7.70187891027166,-8.096014857469171,-5.599945977440626,-2.544854280510016,4.350658221559847,-17.14067529106006,6.129467142873928,-1.6940507646728946,-8.161396574440062,10.683907208611274
2016-02-16,4.498556390286517,11.73803159895467,-2.7648117527336495,1.2981210897283404,-3.0543481908025143,0.10838735589270954,8.830145719489984,-4.649341778440153,-1.1823419577267273,-0.2871995237927365,1.639282568660441,-13.953063241106733,19.517240541944616
2016-02-17,-14.87644360971349,-13.260156806842438,-0.47314508606699235,-3.5768789102716596,-0.1376815241358358,1.941720689226031,7.455145719489984,-15.816008445106819,-2.6823419577267273,-11.8288661904594,-8.860717431339552,-7.369729907773404,13.142240541944616
2016-02-18,-8.25144360971349,1.6963649322879988,-3.7648117527336495,3.256454423061683,-0.5126815241358358,-8.433279310773955,4.12181238615667,-9.857675111773489,2.4426580422732727,-2.828866190459408,-10.527384098006223,-2.078063241106733,-10.441092791388712
2016-02-19,-3.5014436097134833,3.321364932287999,-5.681478419400335,-1.2435455769383168,7.7789851425308285,5.941720689226031,-8.878187613843338,16.892324888226504,-2.890675291060063,7.212800476207271,6.5559492353271125,10.213603425559924,18.10057387527796
2016-02-20,-9.793110276380169,-21.470301734378666,-12.681478419400328,-5.868545576938324,-3.262681524135836,-7.391612644107298,-5.6281876138433375,-7.316008445106824,-13.765675291060056,0.921133809540585,5.472615901993777,13.963603425559924,-0.23275945805538356
2016-02-21,-11.072872181142067,-17.303635067712,-8.973145086066992,0.3397877563949976,-2.387681524135836,-7.058279310773955,0.6218123861566696,7.517324888226511,-12.765675291060056,-0.7871995237927365,7.472615901993777,14.838603425559924,5.808907208611274
2016-02-22,8.915223056953174,10.529698265621327,1.7351882472663505,-0.5352122436050024,13.945651809197486,10.858387355892717,1.1218123861566696,-3.774341778440153,0.6093247089399298,12.379467142873928,10.180949235327112,5.046936758893267,19.933907208611274
2016-02-23,-12.399994334351177,5.071364932287999,-4.306478419400335,-4.196444127662964,-1.4710148574691715,5.733387355892717,-0.8365209471766732,-7.649341778440153,-5.474008624393399,3.2128004762072635,3.014282568660441,2.2552700922266027,13.35057387527796
2016-02-24,-21.001443609713498,1.363031598954656,0.5268549139330077,-2.4102122436050024,-14.262681524135843,1.6083873558927095,9.288479052823327,-17.94100844510682,-7.724008624393399,-15.2038661904594,-14.444050764672891,-19.619729907773397,4.267240541944616
2016-02-25,-15.168110276380162,-5.470301734378658,-2.7231450860669923,-1.0352122436050024,-13.346014857469171,7.566720689226031,7.12181238615667,-14.857675111773489,-12.807341957726727,-14.162199523792744,-16.069050764672888,-14.786396574440065,2.4339072086112736
2016-02-26,-1.8764436097134833,14.98803159895467,-0.13981175273364954,4.214787756394998,-8.096014857469171,0.7333873558927095,4.37181238615667,-9.816008445106817,-17.057341957726727,-9.8288661904594,-8.444050764672895,-6.619729907773404,2.4755738752779592
2016-02-27,-20.418110276380155,-3.3453017343786584,3.2351882472663505,5.04812108972834,-7.7210148574691715,7.025054022559374,11.49681238615667,-3.774341778440153,-13.515675291060056,-1.6205328571260722,-5.485717431339552,4.046936758893267,-1.6494261247220479
2016-02-28,-13.334776943046826,1.4046982656213416,1.9018549139330077,5.17312108972834,-5.304348190802507,3.275054022559374,8.080145719489984,-7.399341778440153,-8.349008624393399,-1.2455328571260722,-1.5690507646728946,-3.2447299077734044,1.1839072086112736
2016-02-29,4.165223056953174,28.23803159895467,2.7351882472663505,-2.0768789102716596,11.903985142530829,14.941720689226031,5.99681238615667,13.308991554893183,8.025991375606615,12.171133809540585,16.972615901993777,-0.453063241106733,32.30890720861129
2016-03-01,-2.584776943046826,6.863031598954656,-0.6606450860669923,0.006454423061683201,21.320651809197486,10.233387355892717,-2.5865209471766732,-2.649341778440153,10.48432470893993,-6.203866190459401,9.555949235327112,4.7588932806324,15.517240541944616
2016-03-02,6.915223056953174,-7.136968401045344,2.4768549139330105,3.0481210897283404,23.612318475864157,8.691720689226031,7.580145719489984,26.642324888226504,34.06765804227327,12.879467142873928,-2.360717431339552,2.5886034255599313,-10.399426124722055
2016-03-03,5.665223056953174,-2.761968401045344,2.6101882472663505,3.9231210897283404,16.320651809197486,7.400054022559374,6.580145719489984,10.183991554893183,22.10932470893993,8.46280047620727,0.4726159019937768,10.50527009222661,-9.31609279138872
2016-03-04,12.873556390286517,0.363031598954656,8.526854913933008,6.54812108972834,23.4456518091975,18.483387355892717,10.49681238615667,24.225658221559847,-6.029564179948945,20.796133809540585,21.55594923532712,23.75527009222661,9.22557387527796
2016-03-05,3.581889723619831,-9.511968401045344,-2.8898117527336495,-7.535212243605002,4.1539851425308285,6.316720689226031,2.5384790528233268,9.558991554893183,-3.265675291060063,3.0878004762072635,10.472615901993777,15.421936758893267,0.8922405419446164
2016-03-06,-9.668110276380169,-26.845301734378673,-20.348145086066992,-18.660212243604988,-12.887681524135843,-13.141612644107298,-14.919854280510002,-2.8160084451068244,-18.2240086243934,-11.870532857126072,-11.527384098006223,-3.078063241106733,-19.441092791388712
2016-03-07,4.456889723619831,7.196364932287999,7.526854913933008,3.3397877563949976,12.028985142530829,17.06672068922603,-2.919854280510016,11.183991554893183,-0.14067529106007015,18.921133809540585,15.514282568660434,21.838603425559924,10.72557387527796
2016-03-08,10.400517174600239,-4.178635067712001,-1.3898117527336495,-1.2018789102716596,13.153985142530829,11.691720689226031,-2.7531876138433375,25.100658221559847,-0.01567529106007015,4.0878004762072635,8.264282568660434,17.796936758893267,13.85057387527796
2016-03-09,-1.2514436097134833,8.613031598954656,-6.014811752733657,-2.618545576938317,-1.3460148574691715,7.358387355892717,5.830145719489984,13.433991554893183,-9.474008624393399,7.546133809540585,6.3059492353271125,8.338603425559924,16.97557387527796
2016-03-10,8.540223056953174,25.029698265621327,1.9018549139330077,7.54812108972834,8.112318475864171,11.941720689226031,12.37181238615667,21.225658221559847,-2.8490086243933916,8.129467142873928,8.805949235327112,11.213603425559924,26.725573875277945
2016-03-11,15.456889723619845,33.696364932288,13.401854913933008,11.631454423061683,37.40398514253083,32.941720689226045,10.705145719489984,20.55899155489319,19.23432470893993,20.83780047620727,26.264282568660434,21.213603425559924,31.225573875277945
2016-03-12,15.581889723619845,16.571364932288,6.4851882472663505,10.756454423061683,30.40398514253083,21.983387355892717,4.330145719489984,23.892324888226504,11.692658042273273,18.504467142873928,21.889282568660434,11.963603425559924,26.100573875277945
2016-03-13,5.415223056953174,5.029698265621342,2.6518549139330077,7.839787756394998,16.52898514253083,7.150054022559374,13.538479052823327,18.68399155489319,6.9009913756066155,8.671133809540585,11.014282568660434,11.713603425559924,12.767240541944616
2016-03-14,14.373556390286502,1.238031598954656,8.61018824726635,9.17312108972834,23.362318475864157,10.775054022559374,10.913479052823327,39.808991554893176,4.025991375606608,8.879467142873928,5.0559492353271125,1.3386034255599313,19.433907208611274
2016-03-15,7.248556390286517,16.696364932288,7.276854913933008,4.131454423061683,34.11231847586416,16.025054022559374,5.955145719489984,25.80899155489319,21.48432470893993,15.83780047620727,1.5976159019937768,0.8386034255599313,18.058907208611274
2016-03-16,-5.251443609713483,2.321364932287999,-2.056478419400335,-5.118545576938324,12.653985142530829,-7.891612644107298,4.580145719489984,11.600658221559847,-8.265675291060056,2.0878004762072635,-4.652384098006223,-11.286396574440062,13.35057387527796
2016-03-17,-0.29311027638016895,18.154698265621327,6.401854913933008,11.214787756394998,13.445651809197486,-6.766612644107298,18.99681238615667,20.517324888226504,-1.390675291060063,1.5878004762072635,-10.444050764672895,-11.744729907773404,13.058907208611274
2016-03-18,10.915223056953174,-1.6786350677120012,0.5268549139330077,4.381454423061683,-1.4293481908025143,-15.891612644107298,11.163479052823327,-2.899341778440153,7.98432470893993,-6.078866190459401,-17.98571743133956,-21.28639657444007,-6.732759458055384
2016-03-19,16.373556390286502,14.11303159895467,-2.0981450860669923,-1.0768789102716596,27.90398514253083,-4.849945977440626,6.830145719489984,19.600658221559847,17.025991375606615,-6.537199523792744,-11.277384098006223,-17.66139657444007,1.2255738752779592
2016-03-20,-1.0847769430468261,16.571364932288,-1.8064784194003352,0.9647877563949976,20.52898514253083,6.483387355892717,9.580145719489984,-6.732675111773485,23.150991375606615,-5.745532857126072,-3.527384098006223,-9.828063241106733,8.35057387527796
2016-03-21,9.206889723619831,0.613031598954656,-0.9314784194003352,1.1731210897283404,7.195651809197486,-2.558279310773962,5.74681238615667,13.350658221559847,10.48432470893993,0.421133809540585,-1.2357174313395518,-4.161396574440062,9.267240541944616
2016-03-22,13.248556390286517,1.2796982656213416,4.6101882472663505,5.131454423061683,38.98731847586416,19.733387355892717,6.538479052823327,26.725658221559847,13.85932470893993,19.08780047620727,9.722615901993777,10.088603425559924,5.058907208611274
2016-03-23,-2.3764436097134833,6.946364932287999,5.151854913933008,12.089787756394998,46.27898514253083,24.81672068922603,6.99681238615667,26.767324888226504,43.609324708939944,24.08780047620727,12.55594923532712,11.171936758893267,22.267240541944616
2016-03-24,3.8735563902865167,8.821364932287999,2.9851882472663505,2.6731210897283404,37.02898514253083,9.691720689226031,7.413479052823327,4.3923248882265185,22.775991375606615,19.33780047620727,6.347615901993777,6.088603425559924,24.642240541944616
2016-03-25,-10.87644360971349,-5.220301734378658,2.4018549139330077,8.714787756394998,-11.8043481908025,-9.516612644107298,17.288479052823327,-2.1910084451068244,-10.432341957726727,-4.7871995237927365,-6.152384098006223,-0.9947299077733973,-10.024426124722048
2016-03-26,8.915223056953174,4.821364932287999,7.151854913933008,20.63145442306167,8.153985142530829,20.525054022559374,10.87181238615667,22.350658221559847,3.5676580422732727,19.296133809540585,24.639282568660434,21.588603425559924,22.058907208611288
2016-03-27,-17.918110276380155,-11.178635067712001,-4.848145086066992,-1.9935455769383168,-2.8460148574691715,-4.433279310773962,8.330145719489984,-3.2326751117734815,-1.0573419577267273,-13.8288661904594,-9.277384098006223,-3.6613965744400616,-4.566092791388726
2016-03-28,23.165223056953174,18.696364932288,15.943521580599665,22.13145442306167,43.6956518091975,30.483387355892702,22.830145719489998,38.64232488822652,41.69265804227327,36.1711338095406,34.34761590199378,36.04693675889327,34.975573875277945
2016-03-29,25.498556390286502,20.529698265621327,15.401854913933008,22.42312108972834,52.695651809197514,33.191720689226045,24.455145719489998,39.85065822155985,63.73432470893996,41.25446714287393,28.722615901993777,30.755270092226596,23.142240541944616
2016-03-30,10.331889723619831,19.071364932288,12.318521580599665,8.839787756394998,50.445651809197514,31.900054022559374,16.080145719489984,29.05899155489319,47.484324708939944,25.504467142873928,25.55594923532712,24.338603425559924,25.933907208611288
2016-03-31,9.456889723619831,13.11303159895467,12.98518824726635,1.3814544230616832,13.653985142530829,16.400054022559374,3.2884790528233268,24.100658221559847,20.650991375606615,19.46280047620727,12.139282568660434,-3.078063241106733,13.808907208611274
2016-04-01,2.540223056953174,6.488031598954656,0.11018824726635046,-1.6185455769383168,14.028985142530829,5.983387355892717,0.33014571948998395,13.183991554893183,6.7759913756066155,12.08780047620727,4.5559492353271125,-1.8697299077734044,16.558907208611274
2016-04-02,3.6235563902865167,6.946364932287999,1.8601882472663505,4.42312108972834,9.362318475864171,10.191720689226031,10.913479052823327,11.058991554893183,12.35932470893993,1.0044671428739278,-1.6523840980062232,-10.786396574440062,-1.6077594580553836
2016-04-03,-0.6264436097134833,-4.345301734378658,-4.473145086066992,-0.2018789102716596,-4.429348190802514,1.8583873558927095,1.080145719489984,11.725658221559847,16.10932470893993,-5.328866190459401,-0.7773840980062232,-3.4947299077734044,-0.27442612472204786
2016-04-04,18.665223056953174,15.279698265621327,-0.5564784194003352,7.04812108972834,39.36231847586416,33.191720689226045,-3.7531876138433375,19.642324888226504,20.23432470893993,23.33780047620727,19.889282568660434,17.463603425559924,15.97557387527796
2016-04-05,15.790223056953174,0.988031598954656,10.86018824726635,-0.4935455769383168,43.48731847586416,25.775054022559374,4.62181238615667,16.225658221559847,45.234324708939944,27.2961338095406,12.43094923532712,18.00527009222661,9.683907208611274
2016-04-06,17.248556390286502,12.36303159895467,10.276854913933008,11.79812108972834,11.10507209905257,15.191720689226031,11.955145719489984,12.850658221559847,15.775991375606615,20.546133809540585,13.55594923532712,22.63027009222661,4.892240541944616
2016-04-07,-2.739538847808724,6.488031598954656,5.8601882472663505,5.589787756394998,2.112318475864164,-0.05827931077396897,14.080145719489984,5.134749130650757,8.48432470893993,8.96280047620727,-5.0328188806149186,-5.703063241106733,7.183907208611274
2016-04-08,2.8173969699966506,13.946364932287999,8.568521580599665,12.839787756394998,6.5289851425308285,8.233387355892717,18.99681238615667,10.308991554893183,14.73432470893993,7.087800476207271,-6.485717431339552,-3.3697299077734044,8.558907208611274
2016-04-09,-4.543110276380169,-0.886968401045344,-0.056478419400335156,6.589787756394998,-5.262681524135836,3.025054022559374,9.99681238615667,10.850658221559847,2.1926580422732727,-8.0788661904594,-0.6523840980062232,1.296936758893267,8.22557387527796
2016-04-10,3.956889723619831,11.11303159895467,-3.181478419400335,-2.1602122436050024,8.820651809197486,4.066720689226031,1.2468123861566696,11.392324888226504,7.9009913756066155,-0.328866190459415,0.3476159019937768,-6.703063241106733,-0.6494261247220479
2016-04-11,19.415223056953174,22.73803159895467,7.7351882472663505,5.756454423061683,46.90398514253083,27.483387355892702,2.4134790528233268,10.225658221559847,29.817658042273273,-5.566185031039112,14.472615901993777,-0.3697299077733973,18.120501411509835
2016-04-12,27.623556390286502,25.86303159895467,18.026854913933008,11.131454423061683,48.195651809197514,34.566720689226045,5.788479052823327,24.80899155489319,31.109324708939944,6.41518142858822,23.43094923532712,12.50527009222661,21.725573875277945
2016-04-13,21.873556390286502,13.779698265621327,14.276854913933008,9.04812108972834,35.9456518091975,24.650054022559374,12.413479052823327,11.933991554893183,25.98432470893993,7.206390219797001,3.8059492353271125,1.1302700922266027,12.22557387527796
2016-04-14,16.290223056953174,-0.8453017343786584,8.443521580599665,9.214787756394998,5.237318475864171,2.775054022559374,14.87181238615667,11.392324888226504,21.48432470893993,-8.3288661904594,-17.694050764672888,-10.578063241106733,-16.274426124722055
2016-04-15,4.123556390286517,8.113031598954656,7.318521580599665,6.714787756394998,7.112318475864171,5.858387355892717,14.705145719489984,4.2673248882265185,4.775991375606608,8.046133809540585,-11.944050764672895,-13.786396574440065,6.183907208611274
2016-04-16,-0.41811027638016895,0.1546982656213416,5.9851882472663505,11.381454423061683,15.612318475864171,4.2333873558927095,9.955145719489984,1.1423248882265185,7.2759913756066155,-1.4955328571260722,-6.777384098006223,-7.078063241106733,-3.899426124722048
2016-04-17,-5.334776943046826,-0.886968401045344,3.8601882472663505,9.756454423061683,1.8623184758641642,4.1083873558927095,6.288479052823327,6.433991554893183,2.60932470893993,5.879467142873928,8.889282568660434,15.171936758893267,0.9339072086112736
2016-04-18,-5.001443609713483,9.154698265621327,7.068521580599665,8.006454423061683,-0.7626815241358358,-0.34994597744062617,12.580145719489984,-10.191008445106817,-4.015675291060063,-0.453866190459415,-14.235717431339555,-11.744729907773404,2.3922405419446164
2016-04-19,-2.0014436097134833,7.404698265621342,5.901854913933008,10.29812108972834,1.9456518091974857,1.4000540225593738,15.788479052823327,-10.024341778440153,2.23432470893993,5.129467142873928,-12.902384098006223,-11.161396574440062,-2.2327594580553836
2016-04-20,2.040223056953174,-10.928635067712001,-0.43147841940033516,2.3397877563949976,-18.637681524135843,-13.516612644107298,9.205145719489984,-2.5660084451068244,-5.932341957726727,-3.5371995237927365,-18.36071743133956,-21.328063241106733,-6.441092791388719
2016-04-21,2.2485563902865167,6.738031598954656,5.776854913933008,7.54812108972834,-6.804348190802507,-8.516612644107298,13.080145719489984,-1.7326751117734815,-12.544184062989888,-1.7455328571260722,-12.569050764672895,-12.453063241106733,-4.441092791388726
2016-04-22,10.623556390286517,15.23803159895467,4.151854913933008,-3.618545576938324,13.570651809197486,12.025054022559374,-0.7531876138433375,-3.524341778440153,-0.6198419577267273,5.046133809540585,2.264282568660441,-2.7863965744400616,17.058907208611274
2016-04-23,14.415223056953174,-4.511968401045344,0.6101882472663505,0.08978775639499759,-7.387681524135836,-16.68327931077396,-2.7531876138433375,-5.691008445106824,-9.432341957726727,-11.912199523792744,-5.777384098006223,-6.453063241106733,2.3922405419446164
2016-04-24,2.915223056953174,5.238031598954656,7.276854913933008,9.964787756394998,-4.8460148574691715,-4.6416126441072905,-2.3365209471766732,-4.524341778440153,-1.9740086243933916,-7.537199523792744,-4.860717431339552,0.5052700922266027,-11.649426124722055
2016-04-25,-4.168110276380169,9.154698265621327,10.568521580599665,13.714787756394998,-9.0543481908025,-4.974945977440626,11.538479052823327,-16.066008445106817,-12.765675291060056,-1.953866190459408,-14.569050764672891,-11.536396574440062,-6.816092791388719
2016-04-26,9.665223056953174,-5.636968401045344,-0.8481450860669923,2.631454423061683,-13.221014857469171,-16.641612644107298,4.038479052823327,-14.107675111773489,-11.515675291060056,-18.162199523792744,-15.360717431339559,-13.328063241106733,5.475573875277959
2016-04-27,0.45688972361983105,1.488031598954656,0.6518549139330077,4.006454423061683,-7.137681524135836,-4.808279310773962,6.788479052823327,-14.816008445106817,-6.515675291060056,-1.7455328571260722,-15.319050764672888,-15.3697299077734,-7.941092791388719
2016-04-28,3.6235563902865167,-9.595301734378658,-4.2648117527336495,-5.160212243605002,-1.5960148574691715,0.40005402255937383,-6.211520947176673,-4.649341778440153,7.73432470893993,5.421133809540585,-3.360717431339552,-2.3697299077734044,-10.06609279138872
2016-04-29,7.248556390286517,14.11303159895467,13.48518824726635,18.089787756395012,9.278985142530829,3.8583873558927095,19.12181238615667,-2.7326751117734815,1.3593247089399298,6.087800476207271,-5.444050764672895,3.171936758893267,6.017240541944616
2016-04-30,21.415223056953174,9.529698265621327,7.193521580599665,11.381454423061683,7.695651809197486,5.816720689226031,10.955145719489984,2.0589915548931756,-1.015675291060063,7.296133809540585,2.889282568660441,7.755270092226603,1.6839072086112736
2016-05-01,10.373556390286517,16.279698265621327,13.61018824726635,15.006454423061683,11.412318475864161,2.816720689226031,16.163479052823327,-6.566008445106824,2.0676580422732727,0.8794671428739278,2.347615901993777,5.463603425559924,1.9755738752779592
2016-05-02,16.248556390286502,25.154698265621327,16.69352158059968,17.88145442306167,8.528985142530829,16.94172068922603,22.705145719489998,-3.524341778440153,8.567658042273273,14.58780047620727,9.639282568660434,5.921936758893267,20.767240541944616
2016-05-03,28.373556390286502,22.61303159895467,20.401854913933008,18.50645442306167,25.02898514253083,21.983387355892717,20.87181238615667,13.558991554893183,11.775991375606615,22.08780047620727,16.139282568660434,14.463603425559924,20.142240541944616
2016-05-04,24.956889723619845,26.86303159895467,20.94352158059968,22.29812108972834,19.73731847586417,24.19172068922603,23.205145719489998,11.808991554893183,19.567658042273273,28.379467142873928,21.972615901993777,11.50527009222661,21.017240541944616
2016-05-05,14.581889723619845,15.61303159895467,25.651854913933008,24.75645442306167,8.945651809197486,9.275054022559374,26.705145719489998,4.8923248882265185,8.73432470893993,12.921133809540585,7.097615901993777,3.838603425559924,4.517240541944616
2016-05-06,12.331889723619831,12.404698265621327,18.110188247266336,15.714787756394998,7.695651809197486,4.275054022559374,18.038479052823327,-5.232675111773485,14.98432470893993,11.504467142873928,-0.9857174313395518,-7.869729907773404,5.558907208611274
2016-05-07,4.040223056953174,10.279698265621327,21.860188247266336,13.256454423061683,7.1539851425308285,6.566720689226031,25.455145719489998,-4.774341778440153,15.650991375606615,5.5878004762072635,2.889282568660441,0.17193675889326698,-3.3160927913887264
2016-05-08,3.9985563902865167,12.821364932287999,23.151854913933008,17.464787756394998,4.695651809197486,3.191720689226031,27.538479052823327,-0.9826751117734815,9.442658042273273,4.504467142873928,2.5559492353271125,0.6302700922266027,-5.357759458055384
2016-05-09,-17.959776943046826,23.23803159895467,23.81852158059968,16.54812108972834,13.945651809197486,16.358387355892717,28.580145719489998,5.683991554893176,18.817658042273273,19.08780047620727,7.764282568660434,2.713603425559924,24.975573875277945
2016-05-10,-2.043110276380169,21.565930149679296,23.151854913933008,10.631454423061683,20.320651809197486,24.608387355892717,29.330145719489998,14.100658221559847,25.650991375606615,27.254467142873928,16.722615901993777,12.50527009222661,14.308907208611274
2016-05-11,7.415223056953174,5.154698265621342,11.568521580599665,13.54812108972834,-5.429348190802507,-4.099945977440626,18.74681238615667,2.475658221559847,13.817658042273273,-1.9955328571260722,-13.444050764672891,-6.078063241106733,-12.857759458055384
2016-05-12,1.206889723619831,6.529698265621342,3.1101882472663505,-1.1529658667934015,1.6956518091974857,1.3583873558927095,0.24681238615666246,-6.357675111773485,-2.390675291060063,-2.245532857126072,-2.527384098006223,-8.369729907773404,-7.024426124722048
2016-05-13,8.081889723619831,3.071364932287999,6.401854913933008,2.381454423061683,8.487318475864171,-3.224945977440626,3.830145719489984,4.725658221559847,5.400991375606608,1.171133809540585,-11.944050764672895,2.046936758893267,-10.232759458055384
2016-05-14,10.123556390286517,2.488031598954656,6.943521580599665,9.256454423061683,10.320651809197486,8.066720689226031,6.705145719489984,19.642324888226504,5.98432470893993,11.796133809540585,4.222615901993777,11.25527009222661,2.1839072086112736
2016-05-15,13.456889723619831,7.321364932287999,11.98518824726635,14.714787756394998,16.070651809197486,14.358387355892717,18.24681238615667,25.350658221559847,17.692658042273273,17.96280047620727,16.764282568660434,19.921936758893267,7.433907208611274
2016-05-16,6.123556390286517,9.279698265621327,2.9851882472663505,1.9231210897283404,2.6539851425308285,4.066720689226031,12.24681238615667,-7.066008445106824,7.23432470893993,3.796133809540585,-2.027384098006223,-0.453063241106733,6.475573875277959
2016-05-17,-11.668110276380169,1.1963649322879988,-2.2648117527336495,1.7147877563949976,-4.679348190802514,-6.933279310773955,5.413479052823327,-9.357675111773485,2.248213597828837,-5.787199523792744,-8.902384098006223,-4.578063241106733,-6.482759458055384
2016-05-18,-8.87644360971349,4.904698265621342,1.2351882472663505,-0.6185455769383168,-2.387681524135836,-3.974945977440626,2.1218123861566696,-12.857675111773489,-6.630871369491441,-1.6621995237927365,-6.735717431339552,-11.869729907773404,-4.357759458055384
2016-05-19,1.1235563902865167,9.696364932287999,7.32033317480257,2.256454423061683,1.3206518091974857,5.733387355892717,10.830145719489984,-6.732675111773485,-2.438920905095152,4.5878004762072635,-2.4440507646728946,-0.3697299077733973,-9.524426124722048
2016-05-20,7.248556390286517,13.279698265621327,11.276854913933008,13.839787756394998,1.2789851425308285,7.358387355892717,13.413479052823327,-1.9410084451068244,5.98432470893993,3.504467142873928,-1.1523840980062232,1.921936758893267,9.10057387527796
2016-05-21,8.790223056953174,5.696364932287999,17.151854913933008,17.006454423061683,1.6956518091974857,3.900054022559374,21.830145719489998,7.392324888226511,6.35932470893993,7.254467142873928,6.6809492353271125,-2.703063241106733,-0.5660927913887264
2016-05-22,-4.584776943046826,-0.386968401045344,8.026854913933008,7.839787756394998,-5.512681524135836,1.316720689226031,13.080145719489984,-3.4410084451068244,-0.8073419577267273,0.6294671428739278,-1.9857174313395518,2.838603425559924,-5.691092791388726
2016-05-23,7.040223056953174,17.61303159895467,4.693521580599665,6.839787756394998,10.070651809197486,12.816720689226031,10.705145719489984,-1.8160084451068244,4.192658042273273,16.379467142873928,3.1809492353271125,6.963603425559924,12.72557387527796
2016-05-24,28.081889723619845,16.11303159895467,12.901854913933008,10.381454423061683,14.570651809197486,10.316720689226031,12.37181238615667,4.058991554893176,9.60932470893993,7.462800476207271,15.972615901993777,19.588603425559924,3.1422405419446164
2016-05-25,27.748556390286502,27.571364932288,24.44352158059968,18.29812108972834,19.40398514253083,21.56672068922603,22.996812386156655,20.350658221559847,16.900991375606615,16.96280047620727,24.847615901993777,25.713603425559924,23.267240541944616
2016-05-26,9.831889723619831,12.029698265621327,7.818521580599665,-1.1185455769383168,14.070651809197486,13.400054022559374,8.038479052823327,13.392324888226504,5.10932470893993,5.004467142873928,12.347615901993777,19.338603425559924,10.60057387527796
2016-05-27,-5.209776943046826,8.86303159895467,2.9851882472663505,5.714787756394998,-9.3043481908025,-9.683279310773955,9.413479052823327,-13.982675111773489,-9.057341957726727,-6.995532857126072,-10.360717431339555,-3.953063241106733,-6.524426124722048
2016-05-28,11.540223056953174,-11.886968401045344,-6.264811752733657,-2.9518789102716596,-9.846014857469171,-8.724945977440626,-5.294854280510016,-4.274341778440153,6.192658042273273,-10.662199523792744,-8.527384098006223,-6.078063241106733,-14.024426124722055
2016-05-29,0.831889723619831,-12.303635067712001,-6.473145086066992,-7.70187891027166,-12.0543481908025,-12.391612644107298,-4.3781876138433375,-5.941008445106824,-3.640675291060063,-16.787199523792744,-6.569050764672895,-1.078063241106733,-11.232759458055384
2016-05-30,12.373556390286517,-2.761968401045344,0.6935215805996648,-0.6185455769383168,7.362318475864171,8.066720689226031,3.4134790528233268,5.600658221559847,9.23432470893993,9.879467142873928,6.1809492353271125,11.75527009222661,-0.8577594580553836
2016-05-31,15.915223056953174,4.779698265621342,10.776854913933008,11.04812108972834,16.27898514253083,8.650054022559374,13.788479052823327,12.350658221559847,14.650991375606615,7.671133809540585,8.680949235327112,15.671936758893267,-6.524426124722048
2016-06-01,20.956889723619845,7.196364932287999,14.693521580599665,10.17312108972834,14.820651809197486,9.650054022559374,15.49681238615667,12.392324888226504,12.400991375606615,15.71280047620727,5.722615901993777,10.171936758893267,2.2255738752779592
2016-06-02,34.706889723619845,31.029698265621313,13.693521580599665,4.92312108972834,25.112318475864157,20.150054022559374,14.24681238615667,17.642324888226504,8.269581119196346,25.379467142873928,19.43094923532712,17.63027009222661,17.808907208611274
2016-06-03,21.415223056953174,17.61303159895467,15.568521580599665,19.79812108972834,13.820651809197486,6.608387355892717,15.455145719489984,20.80899155489319,16.567658042273273,7.879467142873928,18.55594923532712,18.671936758893267,5.267240541944616
2016-06-04,6.456889723619831,6.654698265621342,12.568521580599665,16.17312108972834,-17.5543481908025,-21.05827931077396,16.49681238615667,-2.524341778440153,-1.9323419577267273,-14.870532857126072,-15.819050764672888,-14.536396574440065,-27.06609279138872
2016-06-05,5.165223056953174,-0.9286350677120012,5.3601882472663505,7.881454423061683,-20.72101485746917,-20.641612644107294,5.12181238615667,-10.816008445106817,-8.265675291060056,-19.578866190459404,-18.569050764672888,-18.66139657444007,-26.649426124722048
2016-06-06,6.956889723619831,-5.261968401045344,0.6935215805996648,2.881454423061683,-18.5543481908025,-14.849945977440626,2.6634790528233268,-2.149341778440153,-0.8490086243933916,-13.620532857126072,-13.277384098006223,-13.619729907773404,-11.482759458055384
2016-06-07,15.081889723619845,10.36303159895467,7.443521580599665,4.089787756394998,-4.137681524135836,1.9833873558927095,7.87181238615667,-9.31600844510682,2.6509913756066084,2.5878004762072635,-2.777384098006223,-6.328063241106733,1.1005738752779592
2016-06-08,1.9985563902865167,9.23803159895467,3.0268549139330077,3.881454423061683,-3.512681524135836,-6.683279310773955,7.788479052823327,11.808991554893183,0.48432470893992985,-4.453866190459408,-4.485717431339552,-5.619729907773404,-8.56609279138872
2016-06-09,-4.959776943046826,7.529698265621342,1.4435215805996648,1.1731210897283404,-19.1793481908025,-19.19233728178845,8.205145719489984,11.558991554893183,-0.7240086243933916,-12.7038661904594,-20.36071743133956,-17.703063241106733,-17.732759458055384
2016-06-10,2.165223056953174,8.613031598954656,0.23518824726635046,-0.03521224360500241,-12.012681524135843,-8.308279310773955,1.8718123861566696,-13.482675111773489,-9.224008624393399,-11.7038661904594,-9.402384098006223,-11.203063241106733,-2.1077594580553836
2016-06-11,9.456889723619831,-12.011968401045344,-4.098145086066992,-2.0352122436050024,-18.6793481908025,-17.849945977440626,-4.586520947176673,-11.732675111773489,-2.015675291060063,-21.370532857126072,-13.694050764672891,-12.869729907773404,-25.232759458055384
2016-06-12,7.623556390286517,-12.470301734378666,-4.931478419400335,-1.9935455769383168,-23.26268152413584,-24.308279310773962,-0.25318761384333754,-7.191008445106824,-12.099008624393399,-21.120532857126072,-20.527384098006223,-15.703063241106733,-24.441092791388716
2016-06-13,7.165223056953174,-3.511968401045344,-0.8898117527336495,-1.5768789102716596,-16.84601485746917,-10.016612644107298,4.24681238615667,-2.7326751117734815,-13.224008624393399,-6.995532857126072,-14.235717431339555,-10.869729907773404,-9.69109279138872
2016-06-14,12.040223056953174,14.404698265621327,3.068521580599665,-0.9935455769383168,-7.054348190802507,-0.808279310773969,6.330145719489984,-11.524341778440153,-5.224008624393399,-4.5371995237927365,-9.402384098006223,-5.286396574440062,1.9755738752779592
2016-06-15,26.915223056953174,12.446364932287999,15.568521580599665,13.089787756394998,11.153985142530829,5.983387355892717,10.955145719489984,-0.9410084451068244,4.942658042273273,7.962800476207271,5.6809492353271125,5.046936758893267,-12.857759458055384
2016-06-16,11.915223056953174,2.613031598954656,4.068521580599665,10.881454423061683,11.403985142530829,7.191720689226031,9.830145719489984,12.058991554893183,7.1509913756066155,16.046133809540585,15.30594923532712,20.963603425559924,10.142240541944616
2016-06-17,0.8735563902865167,6.029698265621342,0.9018549139330077,4.631454423061683,0.3206518091974857,-8.724945977440626,9.538479052823327,0.975658221559847,1.4426580422732727,-1.4121995237927365,4.139282568660441,9.338603425559924,6.100573875277959
2016-06-18,-14.543110276380162,-7.595301734378658,1.0268549139330077,4.964787756394998,-11.221014857469171,-19.55827931077396,6.288479052823327,-6.066008445106824,-11.849008624393399,-13.995532857126072,-10.027384098006223,-4.203063241106733,-12.816092791388712
2016-06-19,-20.834776943046826,-14.178635067712001,-3.9731450860669923,-3.6602122436050024,-19.012681524135843,-15.016612644107298,-4.211520947176673,-9.107675111773485,-17.76567529106006,-6.662199523792744,-10.319050764672895,-17.41139657444007,-15.649426124722055
2016-06-20,4.331889723619831,9.946364932287999,6.651854913933008,8.631454423061683,9.903985142530829,5.941720689226031,15.288479052823327,12.308991554893183,8.98432470893993,8.08780047620727,9.055949235327112,4.338603425559924,9.017240541944616
2016-06-21,14.665223056953174,13.321364932287999,5.693521580599665,5.79812108972834,5.237318475864171,8.816720689226031,7.955145719489984,2.5589915548931756,4.60932470893993,4.4628004762072635,4.9309492353271125,7.546936758893267,4.767240541944616
2016-06-22,5.748556390286517,8.529698265621342,10.443521580599665,9.964787756394998,1.1956518091974857,14.566720689226031,-4.461520947176673,1.3923248882265185,2.5259913756066084,7.712800476207271,7.6809492353271125,9.546936758893267,-1.4827594580553836
2016-06-23,-1.1264436097134833,1.238031598954656,-3.3898117527336495,-7.993545576938324,-3.637681524135836,2.525054022559374,-13.836520947176673,-5.274341778440153,-0.09900862439339164,-0.5371995237927365,-1.4857174313395518,0.3802700922266027,-4.232759458055384
2016-06-24,7.165223056953174,-3.011968401045344,2.693521580599665,-1.1185455769383168,3.0289851425308285,6.150054022559374,-5.669854280510016,4.5173248882265185,-5.015675291060056,5.2128004762072635,6.972615901993777,12.296936758893267,-1.8994261247220479
2016-06-25,10.873556390286517,8.113031598954656,16.901854913933008,17.506454423061683,16.570651809197486,20.775054022559374,13.080145719489984,19.93399155489319,12.692658042273273,21.21280047620727,28.347615901993777,26.463603425559924,13.558907208611274
2016-06-26,16.665223056953174,7.738031598954656,13.61018824726635,16.42312108972834,16.195651809197486,17.025054022559374,8.955145719489984,13.642324888226504,10.442658042273273,18.33780047620727,26.55594923532712,22.338603425559924,11.392240541944616
2016-06-27,0.24855639028651666,-9.053635067712001,-7.764811752733657,-1.7018789102716596,0.6123184758641642,-7.599945977440626,-7.294854280510009,3.3923248882265185,-7.557341957726727,3.2128004762072635,3.472615901993777,5.588603425559924,0.7255738752779592
2016-06-28,-4.209776943046826,1.7796982656213416,2.1518549139330077,-0.7852122436050024,-6.262681524135836,-2.724945977440626,-19.586520947176673,-6.566008445106824,-7.849008624393399,-11.620532857126072,-5.277384098006223,-3.453063241106733,1.2255738752779592
2016-06-29,6.081889723619831,13.11303159895467,11.61018824726635,12.381454423061683,3.0706518091974857,11.941720689226031,-10.794854280510002,0.850658221559847,5.98432470893993,8.21280047620727,11.847615901993777,9.046936758893267,8.392240541944616
2016-06-30,15.498556390286502,3.1546982656213416,7.1101882472663505,4.714787756394998,7.112318475864171,5.400054022559374,-3.919854280510016,1.6423248882265185,7.60932470893993,7.337800476207271,4.9309492353271125,7.421936758893267,2.7255738752779592
2016-07-01,3.706889723619831,5.988031598954656,11.23518824726635,9.131454423061683,2.8206518091974857,1.5250540225593738,-12.544854280510002,-2.024341778440153,-1.515675291060063,3.129467142873928,1.2226159019937768,3.171936758893267,1.4339072086112736
2016-07-02,14.790223056953174,1.0713649322879988,7.443521580599665,11.17312108972834,8.237318475864171,9.108387355892717,-1.1281876138433375,1.8089915548931756,3.6926580422732727,10.671133809540585,13.55594923532712,12.088603425559924,1.1422405419446164
2016-07-03,-2.084776943046826,-2.553635067712001,3.568521580599665,3.5481210897283404,-8.012681524135836,-9.974945977440626,-12.919854280510002,7.517324888226511,-6.682341957726727,-5.995532857126072,2.1809492353271125,-1.9113965744400616,-5.316092791388726
2016-07-04,0.08188972361983105,-5.095301734378658,-10.764811752733657,-12.410212243604995,-12.387681524135843,-12.099945977440626,-24.544854280510005,-4.982675111773485,-13.599008624393399,-10.287199523792744,-7.777384098006223,-10.286396574440062,-5.274426124722048
2016-07-05,-13.209776943046826,-8.136968401045344,-10.764811752733657,-11.32687891027166,-19.1793481908025,-14.599945977440626,-32.96152094717667,-8.56600844510682,-14.599008624393399,-17.037199523792744,-15.069050764672888,-17.1197299077734,-10.899426124722055
2016-07-06,-13.709776943046826,-15.345301734378666,-1.3064784194003352,0.6731210897283404,-19.887681524135843,-14.224945977440626,-31.211520947176673,2.4339915548931756,-17.89067529106006,-13.995532857126072,-17.819050764672888,-15.244729907773404,-21.024426124722055
2016-07-07,-21.334776943046826,-10.345301734378658,-11.264811752733657,-10.785212243604995,-25.054348190802507,-17.55827931077396,-34.16985428051001,7.100658221559847,-26.97400862439339,-15.953866190459404,-19.569050764672888,-18.994729907773397,-16.274426124722055
2016-07-08,-9.793110276380169,-9.636968401045344,-7.889811752733657,-9.20187891027166,-20.804348190802504,-17.141612644107298,-30.586520947176673,-9.274341778440153,-21.307341957726727,-12.620532857126072,-15.944050764672888,-16.4947299077734,-15.982759458055384
2016-07-09,-11.959776943046826,-13.470301734378666,0.5685215805996648,-4.868545576938324,-20.929348190802504,-10.891612644107298,-26.711520947176673,-11.899341778440153,-15.39067529106006,-8.620532857126072,-11.944050764672895,-11.119729907773404,-20.732759458055384
2016-07-10,-0.25144360971348334,-7.678635067712001,2.9851882472663505,-1.9935455769383168,-11.0543481908025,-2.599945977440626,-28.753187613843338,-6.274341778440153,-12.932341957726727,-1.328866190459408,-6.902384098006223,-4.619729907773404,-7.107759458055384
2016-07-11,-6.084776943046826,-5.595301734378658,-7.056478419400335,-5.785212243605002,-4.7210148574691715,-3.558279310773962,-18.211520947176673,-0.06600844510682435,-5.849008624393399,1.921133809540585,-5.527384098006223,0.3802700922266027,2.0172405419446164
2016-07-12,-9.50144360971349,-2.511968401045344,0.02685491393300765,-4.993545576938324,-11.247330646942853,-3.6416126441072905,-24.336520947176673,-8.524341778440153,-7.182341957726727,-4.828866190459408,-8.694050764672895,-9.703063241106733,-9.69109279138872
2016-07-13,-7.168110276380169,-6.595301734378658,-0.47314508606699235,-4.243545576938324,-13.137681524135843,-9.516612644107298,-25.87818761384334,-11.441008445106817,-7.682341957726727,-8.0788661904594,-13.819050764672891,-11.578063241106733,-15.107759458055384
2016-07-14,-0.12644360971348334,-2.9703017343786584,2.7351882472663505,-1.0768789102716596,-12.637681524135843,-5.5166126441072905,-26.961520947176673,-11.066008445106817,-4.890675291060056,-3.6621995237927365,-13.152384098006223,-17.161396574440065,-6.649426124722048
2016-07-15,7.790223056953174,-11.595301734378658,-7.389811752733657,-12.285212243604995,0.3206518091974857,0.15005402255937383,-20.669854280510002,-2.9826751117734815,1.1509913756066084,2.629467142873928,5.139282568660434,3.546936758893267,-4.941092791388726
2016-07-16,-15.459776943046826,-14.928635067712001,-3.2231450860669923,-3.6602122436050024,-10.971014857469171,-10.308279310773955,-20.169854280510002,-4.607675111773485,-10.140675291060056,-6.537199523792744,-10.152384098006223,-3.7863965744400616,-15.024426124722055
2016-07-17,-14.709776943046826,-9.845301734378658,2.818521580599665,5.79812108972834,-10.471014857469171,-10.224945977440626,-23.503187613843345,-6.232675111773485,-11.224008624393399,-10.870532857126072,-7.569050764672895,-6.036396574440062,-13.691092791388712
2016-07-18,-6.126443609713483,-0.386968401045344,-3.056478419400335,-9.07687891027166,-12.346014857469171,-9.516612644107298,-27.336520947176673,-7.149341778440153,-7.474008624393399,-6.037199523792744,-12.777384098006223,-11.911396574440065,-0.6494261247220479
2016-07-19,-2.543110276380169,-15.428635067712001,-7.306478419400335,-9.07687891027166,-19.137681524135843,-16.308279310773955,-32.37818761384334,-2.6076751117734815,-14.849008624393399,-17.078866190459404,-12.069050764672895,-11.119729907773404,-13.191092791388712
2016-07-20,1.9152230569531739,-15.053635067712001,-4.806478419400335,-11.32687891027166,-21.22101485746917,-18.599945977440626,-31.003187613843338,-3.4826751117734815,-13.307341957726727,-16.037199523792744,-14.694050764672891,-13.578063241106733,-14.316092791388712
2016-07-21,3.8735563902865167,-10.886968401045344,-5.348145086066992,-5.410212243605002,-6.7210148574691715,-5.8916126441072905,-19.419854280510002,6.058991554893176,-1.2240086243933916,-1.6621995237927365,-7.319050764672895,-0.4113965744400687,-10.441092791388712
2016-07-22,13.290223056953174,0.5296982656213416,4.2351882472663505,4.54812108972834,9.445651809197486,13.108387355892717,4.830145719489984,20.55899155489319,9.85932470893993,15.004467142873928,15.847615901993777,19.838603425559924,12.72557387527796
2016-07-23,7.748556390286517,2.238031598954656,4.3601882472663505,6.506454423061683,11.987318475864171,12.441720689226031,8.87181238615667,23.05899155489319,9.10932470893993,16.296133809540585,16.514282568660434,24.588603425559924,10.433907208611274
2016-07-24,8.540223056953174,3.446364932287999,6.6101882472663505,5.131454423061683,12.945651809197486,17.81672068922603,11.663479052823327,24.767324888226504,7.60932470893993,17.671133809540585,21.55594923532712,22.338603425559924,10.183907208611274
2016-07-25,8.123556390286517,5.279698265621342,6.276854913933008,8.92312108972834,14.320651809197486,19.108387355892717,7.87181238615667,19.017324888226504,12.567658042273273,18.96280047620727,23.639282568660434,23.213603425559924,13.767240541944616
2016-07-26,9.790223056953174,13.98803159895467,10.151854913933008,10.089787756394998,14.862318475864171,18.69172068922603,6.455145719489984,14.975658221559847,13.942658042273273,20.21280047620727,21.222615901993777,23.046936758893267,10.183907208611274
2016-07-27,5.373556390286517,6.238031598954656,9.61018824726635,8.04812108972834,11.028985142530829,9.900054022559374,-2.4615209471766732,6.0173248882265185,13.567658042273273,8.504467142873928,12.43094923532712,9.546936758893267,9.183907208611274
2016-07-28,-0.668110276380169,2.7796982656213416,-3.806478419400335,-9.785212243605002,-2.1793481908025143,-1.3916126441072905,-22.086520947176673,-8.56600844510682,-1.140675291060063,0.296133809540585,-9.152384098006223,-6.744729907773404,2.4755738752779592
2016-07-29,-8.293110276380169,-5.011968401045344,2.318521580599665,-3.4518789102716596,-10.0543481908025,-11.391612644107298,-19.003187613843345,-12.191008445106817,-7.057341957726727,-14.412199523792744,-2.6940507646728946,-5.703063241106733,-1.6077594580553836
2016-07-30,-8.75144360971349,-3.553635067712001,7.943521580599665,2.506454423061683,-5.387681524135836,-6.641612644107298,-18.169854280510002,-7.149341778440153,-2.0990086243933916,-3.6621995237927365,1.139282568660441,1.3802700922266027,-11.191092791388712
2016-07-31,-17.043110276380162,-3.636968401045344,11.068521580599665,3.381454423061683,-7.762681524135836,-11.308279310773955,-22.836520947176673,-9.232675111773485,-8.307341957726727,-6.203866190459401,-9.152384098006223,-6.078063241106733,-10.024426124722048
2016-08-01,-6.751443609713483,1.488031598954656,-4.223145086066992,-12.160212243604995,-8.179348190802507,-2.224945977440626,-27.29485428051001,-12.149341778440153,-5.057341957726727,-7.203866190459401,-8.444050764672895,-11.286396574440062,1.6422405419446164
2016-08-02,-10.793110276380169,-2.9703017343786584,4.443521580599665,1.9647877563949976,-11.387681524135843,-8.558279310773955,-24.961520947176673,-14.774341778440153,-7.265675291060056,-12.870532857126072,-16.277384098006223,-10.786396574440062,-7.982759458055384
2016-08-03,-3.459776943046826,-3.511968401045344,5.568521580599665,0.6314544230616832,-4.679348190802514,-7.641612644107298,-29.836520947176673,-14.816008445106817,-5.057341957726727,-8.995532857126072,-7.944050764672895,-11.328063241106733,0.26724054194461644
2016-08-04,-12.918110276380169,-2.761968401045344,-3.0981450860669923,-8.57687891027166,-4.304348190802514,-6.224945977440626,-27.378187613843338,-10.774341778440153,-2.5990086243933916,-0.453866190459415,-9.985717431339555,-3.6613965744400616,-9.982759458055384
2016-08-05,1.456889723619831,-2.2203017343786584,1.0268549139330077,1.2564544230616832,-4.387681524135836,2.941720689226031,-13.003187613843345,1.8923248882265185,-0.8490086243933916,3.7128004762072635,0.2226159019937768,-8.494729907773404,2.1005738752779592
2016-08-06,-2.7514436097134833,-3.553635067712001,-0.13981175273364954,-0.3685455769383168,-11.9293481908025,-6.016612644107298,-14.753187613843345,-0.44100844510682435,-8.307341957726727,-6.120532857126072,-1.9440507646728946,0.6302700922266027,-4.232759458055384
2016-08-07,-12.918110276380169,-11.803635067712001,-2.7648117527336495,-4.410212243605002,-10.1793481908025,-8.974945977440626,-21.419854280510005,-6.899341778440153,-3.515675291060063,-8.9538661904594,-7.485717431339552,-4.161396574440062,-9.232759458055384
2016-08-08,-6.126443609713483,-2.9703017343786584,-0.9731450860669923,-3.8268789102716596,-4.9710148574691715,-4.0166126441072905,-19.628187613843345,-5.316008445106824,1.4426580422732727,-4.828866190459408,-5.819050764672895,-4.869729907773404,-7.191092791388719
2016-08-09,-13.168110276380169,-4.345301734378658,3.4851882472663505,3.1731210897283404,-2.5543481908025143,-5.433279310773962,-21.711520947176673,-8.69100844510682,5.10932470893993,-6.703866190459401,-11.944050764672895,-11.411396574440062,-15.524426124722055
2016-08-10,-6.793110276380169,-2.178635067712001,-2.9731450860669923,-3.7852122436050024,-10.096014857469171,-9.224945977440626,-27.91985428051001,-15.191008445106819,-6.515675291060056,-7.828866190459401,-15.819050764672888,-13.161396574440065,-7.399426124722048
2016-08-11,-20.876443609713498,-5.011968401045344,-7.598145086066992,-6.618545576938324,-20.554348190802504,-16.766612644107298,-23.753187613843345,-19.482675111773485,-15.099008624393399,-16.370532857126072,-17.027384098006223,-22.578063241106733,-19.941092791388712
2016-08-12,-19.876443609713498,-7.053635067712001,-9.431478419400335,-12.743545576938324,-17.84601485746917,-11.433279310773955,-10.711520947176673,-18.44100844510682,-17.64067529106006,-16.453866190459404,-13.985717431339555,-15.4947299077734,-4.899426124722048
2016-08-13,-21.876443609713498,-14.303635067712001,-6.806478419400335,-5.660212243605002,-21.012681524135843,-16.391612644107298,-2.3781876138433375,-16.48267511177349,-18.4740086243934,-13.3288661904594,-15.610717431339559,-15.036396574440065,-22.024426124722055
2016-08-14,-15.209776943046826,-6.720301734378658,-7.514811752733657,-7.118545576938324,-12.137681524135843,-11.474945977440626,-12.211520947176673,-4.982675111773485,-14.890675291060056,-9.870532857126072,-14.110717431339555,-6.453063241106733,-9.50061660091253
2016-08-15,-13.25144360971349,-3.3453017343786584,-15.223145086066992,-13.035212243604995,-15.8043481908025,-18.474945977440626,-10.378187613843345,-16.024341778440153,-14.765675291060056,-18.91219952379274,-16.194050764672888,-12.953063241106733,-12.524426124722055
2016-08-16,-9.834776943046826,-32.26196840104533,-25.93147841940032,-23.99354557693833,-24.97101485746917,-25.14161264410729,-19.919854280510002,-14.066008445106817,-23.265675291060063,-19.578866190459404,-20.819050764672888,-19.494729907773397,-17.191092791388712
2016-08-17,-13.69191980018968,-21.928635067712,-13.056478419400328,-10.285212243605002,-19.59601485746917,-17.974945977440626,-9.669854280510009,-17.649341778440153,-7.640675291060056,-9.2038661904594,-18.694050764672888,-16.3697299077734,-28.607759458055384
2016-08-18,-1.0014436097134833,-16.095301734378666,-11.681478419400335,-12.993545576938324,-11.137681524135843,-11.724945977440626,-9.669854280510009,-12.649341778440153,-4.765675291060063,-2.120532857126072,-8.277384098006223,-3.953063241106733,-20.232759458055384
2016-08-19,1.956889723619831,-3.553635067712001,-2.306478419400335,-4.993545576938324,1.4873184758641642,-0.683279310773969,-3.169854280510016,-4.1076751117734815,-3.5573419577267273,7.087800476207271,-6.860717431339552,0.296936758893267,-10.857759458055384
2016-08-20,-1.9597769430468261,-12.053635067712001,-0.38981175273364954,-7.70187891027166,-2.012681524135836,-3.433279310773962,2.830145719489984,-2.649341778440153,0.6926580422732727,-2.2871995237927365,-0.4440507646728946,9.296936758893267,-0.10775945805538356
2016-08-21,9.290223056953174,0.23803159895465598,1.3601882472663505,-0.9102122436050024,4.2789851425308285,6.316720689226031,0.12181238615666246,4.725658221559847,4.192658042273273,7.087800476207271,6.597615901993777,8.880270092226603,2.8505738752779592
2016-08-22,0.12355639028651666,6.488031598954656,13.068521580599665,11.381454423061683,6.987318475864171,9.233387355892717,15.37181238615667,8.892324888226511,9.23432470893993,12.671133809540585,13.514282568660434,18.88027009222661,8.933907208611274
2016-08-23,-4.584776943046826,5.363031598954656,-0.13981175273364954,1.7147877563949976,-2.512681524135836,-2.058279310773962,2.4968123861566696,5.933991554893176,2.85932470893993,1.046133809540585,2.9309492353271125,-7.078063241106733,7.017240541944616
2016-08-24,-3.418110276380169,-13.178635067712001,-5.764811752733657,-9.70187891027166,-7.554348190802507,-6.891612644107298,-12.669854280510002,7.892324888226511,-7.390675291060056,-4.370532857126072,0.2226159019937768,-3.1613965744400616,-0.8577594580553836
2016-08-25,-2.584776943046826,0.988031598954656,-2.1398117527336495,-4.118545576938324,-1.7626815241358358,0.27505402255937383,-8.294854280510009,-6.149341778440153,2.6509913756066084,3.296133809540585,-1.0690507646728946,0.546936758893267,0.43390720861127363
2016-08-26,7.373556390286517,-1.6786350677120012,-2.8898117527336495,-3.743545576938324,5.070651809197486,-0.26661264410729046,-3.5031876138433375,0.9339915548931756,-4.640675291060063,-3.328866190459408,-0.5690507646728946,7.713603425559924,0.7672405419446164
2016-08-27,-9.168110276380169,-0.511968401045344,13.61018824726635,13.92312108972834,-3.8043481908025143,-7.641612644107298,17.163479052823327,-4.191008445106824,-1.2240086243933916,-5.787199523792744,-5.944050764672895,0.9636034255599313,-16.899426124722055
2016-08-28,-18.626443609713498,-13.886968401045344,-4.7648117527336495,-3.743545576938324,-15.5543481908025,-12.683279310773955,-4.169854280510016,-11.941008445106817,-15.89067529106006,-11.037199523792744,-12.860717431339555,-12.994729907773404,-16.274426124722055
2016-08-29,-2.6347769430468233,-13.095301734378666,-12.848145086066992,-13.910212243604995,-3.3043481908025143,-14.016612644107298,-10.878187613843345,-8.607675111773485,-11.432341957726727,-8.745532857126072,-12.235717431339555,-12.661396574440065,-22.732759458055384
2016-08-30,-4.459776943046826,-17.845301734378666,-11.014811752733657,-16.45187891027166,-19.09601485746917,-14.974945977440626,-8.836520947176673,-11.691008445106817,-8.224008624393399,-15.787199523792744,-13.569050764672891,-13.286396574440065,-5.399426124722048
2016-08-31,-1.9597769430468261,1.5296982656213416,-7.556478419400335,-16.36854557693833,-8.429348190802507,-2.0166126441072905,-11.503187613843345,-13.357675111773489,-5.557341957726727,-5.328866190459401,-7.652384098006223,-4.703063241106733,-3.9410927913887264
2016-09-01,-3.418110276380169,-0.886968401045344,7.818521580599665,4.17312108972834,-1.2210148574691715,3.275054022559374,13.62181238615667,5.5173248882265185,4.942658042273273,0.421133809540585,-1.4023840980062232,3.1302700922266027,3.2672405419446164
2016-09-02,-4.072872181142074,-0.17863506771200122,-3.8481450860669923,-6.57687891027166,-0.5960148574691715,-1.0166126441072905,-0.7115209471766732,-6.816008445106824,5.025991375606608,-4.745532857126072,-6.527384098006223,-0.03639657444006872,-0.19109279138872637
2016-09-03,-2.459776943046826,-12.761968401045344,-11.598145086066992,-13.70187891027166,-10.8043481908025,-11.891612644107298,-11.253187613843345,-8.607675111773485,-15.349008624393399,-12.412199523792744,-11.152384098006223,-9.661396574440062,-19.024426124722055
2016-09-04,-28.376443609713498,-16.386968401045344,-6.598145086066992,-7.868545576938324,-24.13768152413584,-19.516612644107298,-6.336520947176673,-18.482675111773485,-21.515675291060063,-22.245532857126072,-21.152384098006223,-19.78639657444007,-21.107759458055384
2016-09-05,0.33188972361983105,-18.136968401045344,-11.348145086066992,-18.160212243604988,-15.596014857469171,-15.183279310773955,-10.711520947176673,-7.274341778440153,-12.182341957726727,-10.162199523792744,-9.485717431339555,-3.328063241106733,-6.566092791388719
2016-09-06,-5.793110276380169,-0.09530173437865841,-3.9731450860669923,-15.07687891027166,-9.346014857469171,-5.099945977440626,-9.419854280510009,-15.524341778440153,-10.057341957726727,-6.120532857126072,-9.985717431339555,-11.994729907773404,-9.56609279138872
2016-09-07,-9.25144360971349,0.3213649322879988,-1.8898117527336495,-7.785212243605002,-11.471014857469171,-11.558279310773955,3.9134790528233268,-13.607675111773489,-7.640675291060056,-4.912199523792744,-12.444050764672895,-8.869729907773404,-6.524426124722048
2016-09-08,-0.793110276380169,-6.095301734378658,-6.723145086066992,-8.910212243605002,-15.1793481908025,-14.766612644107298,-2.7115209471766732,4.1423248882265185,-9.724008624393399,-11.495532857126072,-10.402384098006223,-10.828063241106733,-7.357759458055384
2016-09-09,-1.5014436097134833,2.5296982656213416,-9.931478419400335,-17.74354557693833,-9.346014857469171,3.066720689226031,-14.586520947176673,-12.691008445106817,-4.724008624393392,-4.912199523792744,-2.1940507646728946,-2.5363965744400616,4.058907208611274
2016-09-10,-6.918110276380169,-0.7203017343786584,-8.056478419400335,-14.07687891027166,-3.512681524135836,1.316720689226031,-9.128187613843338,-5.607675111773485,-0.26567529106007015,0.9628004762072635,2.222615901993777,-1.828063241106733,-8.19109279138872
2016-09-11,-12.918110276380169,-8.011968401045344,-2.0981450860669923,1.5481210897283404,-10.471014857469171,-4.058279310773962,-2.3365209471766732,2.3089915548931756,-1.3490086243933916,-1.4121995237927365,0.5976159019937768,-0.953063241106733,-8.44109279138872
2016-09-12,0.6235563902865167,0.988031598954656,2.568521580599665,2.131454423061683,-3.1793481908025143,-10.391612644107298,5.205145719489984,1.6839915548931756,-7.224008624393399,-2.203866190459408,-3.8190507646728946,-2.3697299077734044,5.767240541944616
2016-09-13,14.373556390286502,-8.470301734378658,-1.9314784194003352,-9.95187891027166,-5.7210148574691715,-10.016612644107298,-8.878187613843338,2.5173248882265185,-5.349008624393399,-8.7038661904594,-2.4440507646728946,-5.161396574440062,10.683907208611274
2016-09-14,-5.626443609713483,-7.636968401045344,-10.973145086066992,-12.45187891027166,-4.762681524135836,-5.474945977440626,-14.419854280510002,-10.524341778440153,6.35932470893993,-9.995532857126072,-3.3190507646728946,-2.1197299077734044,4.808907208611274
2016-09-15,-0.20977694304682615,-0.053635067712001216,-4.723145086066992,-15.618545576938331,-0.7626815241358358,-0.26661264410729046,-10.711520947176673,-9.024341778440153,-1.0990086243933916,-1.9955328571260722,1.9726159019937768,2.963603425559924,5.683907208611274
2016-09-16,6.773918709127095,-20.761968401045337,-11.889811752733657,-15.32687891027166,-19.84601485746917,-21.266612644107294,-10.253187613843338,-8.857675111773485,-5.974008624393399,-20.78719952379274,-14.694050764672891,-15.161396574440065,-16.441092791388712
2016-09-17,0.8735563902865167,-23.720301734378673,-17.014811752733664,-19.410212243604988,-17.887681524135843,-17.599945977440626,-12.794854280510002,-14.316008445106817,-3.1823419577267273,-16.537199523792744,-9.902384098006223,-8.869729907773404,-17.524426124722055
2016-09-18,-0.8347769430468261,-11.803635067712001,-10.514811752733657,-8.368545576938324,-13.387681524135843,-13.349945977440626,-9.461520947176673,-3.524341778440153,-4.265675291060063,-9.412199523792744,-2.6940507646728946,-18.869729907773397,-10.774426124722055
2016-09-19,11.706889723619831,-10.386968401045344,-23.500922863844774,-10.243545576938324,-5.8460148574691715,1.8583873558927095,-15.128187613843345,-6.107675111773485,1.1509913756066084,-5.412199523792744,1.0559492353271054,-0.8697299077733973,1.3505738752779592
2016-09-20,3.456889723619831,-17.011968401045344,,-20.99354557693833,-5.7210148574691715,-8.099945977440626,-17.253187613843345,-2.6076751117734815,12.442658042273273,-7.162199523792744,-4.235717431339552,5.463603425559924,-0.44109279138872637
2016-09-21,-3.599482825399761,-15.636968401045344,,-23.49354557693833,-1.7626815241358358,-7.558279310773955,-12.253187613843345,-1.024341778440153,1.2343247089399298,-6.370532857126072,-1.5273840980062232,3.671936758893267,-6.316092791388726
2016-09-22,5.206889723619831,-15.303635067712001,-28.632235995157902,-16.20187891027166,0.2789851425308285,-6.308279310773955,-5.836520947176673,1.5173248882265185,8.317658042273273,-3.9121995237927365,-1.1523840980062232,5.005270092226603,-1.6494261247220479
2016-09-23,0.04022305695317385,-17.220301734378666,-15.264811752733657,-14.07687891027166,-9.4293481908025,-12.766612644107298,-8.503187613843338,9.267324888226511,-6.640675291060056,-10.620532857126072,-4.110717431339552,3.713603425559924,1.8505738752779592
2016-09-24,-6.043110276380169,-9.053635067712001,-7.639811752733657,-7.993545576938324,-7.512681524135836,0.7750540225593738,-5.669854280510016,19.43399155489319,-7.515675291060056,5.671133809540585,1.389282568660441,3.8802700922266027,-8.149426124722048
2016-09-25,-14.543110276380162,-6.553635067712001,2.2351882472663505,-1.2018789102716596,-11.1793481908025,-4.683279310773962,4.830145719489984,-10.482675111773489,-11.474008624393399,-1.2871995237927365,-7.985717431339552,-3.1197299077734044,-14.149426124722055
2016-09-26,-5.418110276380169,12.36303159895467,-3.306478419400335,-1.0352122436050024,8.778985142530829,3.9833873558927095,-10.253187613843338,-7.649341778440153,4.567658042273273,-2.578866190459408,-1.2357174313395518,-3.9947299077734044,14.10057387527796
2016-09-27,1.456889723619831,9.36303159895467,-0.34814508606699235,-5.07687891027166,5.195651809197486,4.3583873558927095,-4.586520947176673,-1.274341778440153,-0.47400862439339164,-1.6205328571260722,2.847615901993777,0.21360342555993128,12.392240541944616
2016-09-28,-4.251443609713483,-1.5953017343786584,0.02685491393300765,-1.5768789102716596,2.6539851425308285,-2.308279310773962,-1.7531876138433375,-0.35767511177348155,-6.599008624393399,-25.037199523792736,5.764282568660434,6.921936758893267,1.3089072086112736
2016-09-29,-11.584776943046826,-2.511968401045344,-11.098145086066992,-9.07687891027166,-11.096014857469171,-8.433279310773955,-9.878187613843338,-7.066008445106824,-7.974008624393399,-17.620532857126072,-11.902384098006223,-12.744729907773404,-2.899426124722048
2016-09-30,-12.459776943046826,-6.178635067712001,2.568521580599665,2.8397877563949976,-12.346014857469171,-9.183279310773955,5.080145719489984,-14.732675111773489,-7.974008624393399,-26.620532857126072,-19.402384098006223,-12.786396574440065,-14.982759458055384
2016-10-01,-26.459776943046826,-10.428635067712001,4.276854913933008,4.79812108972834,-21.887681524135843,-10.974945977440626,6.038479052823327,-18.524341778440153,-13.682341957726727,-18.745532857126072,-21.569050764672888,-15.4947299077734,-24.77442612472205
2016-10-02,2.3735563902865167,1.6963649322879988,-8.764811752733657,-15.160212243604988,-3.4293481908025143,-2.349945977440626,-14.503187613843345,-3.8160084451068244,-0.43234195772672734,-15.245532857126072,-8.194050764672895,7.255270092226603,-2.6910927913887264
2016-10-03,1.8735563902865167,-11.511968401045344,-7.306478419400335,-10.70187891027166,-10.262681524135843,-1.2249459774406262,-15.669854280510002,-7.691008445106824,-8.307341957726727,-14.2038661904594,-2.610717431339552,-4.203063241106733,4.892240541944616
2016-10-04,-6.834776943046826,-21.970301734378666,-11.598145086066992,-13.743545576938324,-23.51268152413584,-17.599945977440626,-7.461520947176673,-5.482675111773485,-2.3073419577267273,-16.995532857126072,-15.944050764672888,-14.661396574440065,-23.524426124722055
2016-10-05,-5.334776943046826,-21.595301734378666,-11.848145086066992,-10.535212243604995,-17.9293481908025,-17.55827931077396,-3.4615209471766732,-14.066008445106817,6.025991375606608,-20.495532857126072,-19.194050764672888,-10.578063241106733,-24.982759458055384
2016-10-06,-3.8764436097134833,-23.51196840104533,-15.889811752733664,-16.785212243604988,-17.762681524135843,-17.974945977440626,-10.669854280510002,-13.982675111773489,4.192658042273273,-20.995532857126072,-14.444050764672891,-7.369729907773404,-16.732759458055384
2016-10-07,-3.2514436097134833,-23.678635067712,-13.931478419400328,-12.618545576938324,-19.22101485746917,-15.933279310773955,-10.794854280510002,-14.149341778440153,5.73432470893993,-17.953866190459404,-16.277384098006223,-15.036396574440065,-23.774426124722055
2016-10-08,-9.668110276380169,-11.386968401045344,-3.181478419400335,-1.0352122436050024,-24.13768152413584,-17.43327931077396,2.2884790528233268,-15.399341778440153,-3.7240086243933916,-14.370532857126072,-21.152384098006223,-12.786396574440065,-29.857759458055384
2016-10-09,-38.66811027638016,-24.970301734378673,-16.473145086066992,-13.493545576938324,-19.554348190802504,-16.974945977440626,-8.294854280510009,-14.732675111773489,-9.390675291060056,-11.287199523792744,-19.11071743133956,-12.619729907773404,-27.107759458055384
2016-10-10,-12.918110276380169,-19.511968401045337,-10.556478419400335,-4.660212243605002,-17.762681524135843,-13.974945977440626,-1.419854280510016,-10.232675111773489,4.23432470893993,-8.0788661904594,-14.069050764672891,-12.828063241106733,-24.816092791388716
2016-10-11,1.331889723619831,-10.678635067712001,-4.181478419400335,-6.910212243605002,-1.2626815241358358,-2.224945977440626,-0.544854280510016,1.0173248882265185,15.817658042273273,1.4628004762072635,1.9726159019937768,10.338603425559924,-9.31609279138872
2016-10-12,8.206889723619831,-6.220301734378658,-2.9731450860669923,-6.868545576938324,-1.5960148574691715,-1.433279310773969,-3.5865209471766732,3.3923248882265185,3.8176580422732727,3.2128004762072635,1.0559492353271054,14.171936758893267,2.9755738752779592
2016-10-13,-5.644300752570636,-21.470301734378666,-14.973145086066992,-13.993545576938324,-13.8043481908025,-10.683279310773955,-11.919854280510002,-4.024341778440153,3.4009913756066084,-11.8288661904594,-6.194050764672895,-3.8697299077734044,-6.691092791388719
2016-10-14,4.956889723619831,-15.470301734378666,-16.348145086066992,-17.035212243604988,-14.0543481908025,-15.974945977440626,-14.878187613843345,-9.399341778440153,-1.140675291060063,-8.787199523792744,-9.402384098006223,-8.369729907773404,-6.857759458055384
2016-10-15,-2.834776943046826,-23.63696840104533,-20.18147841940032,-19.07687891027166,-13.221014857469171,-18.05827931077396,-19.461520947176673,-3.8576751117734815,-4.890675291060056,-11.037199523792744,-9.360717431339552,-3.8697299077734044,-16.649426124722055
2016-10-16,-22.501443609713498,-12.095301734378658,-7.639811752733657,-11.07687891027166,-13.3043481908025,-14.808279310773955,-7.044854280510009,-17.399341778440153,-13.515675291060056,-15.037199523792744,-10.652384098006223,-11.036396574440062,-6.691092791388719
2016-10-17,-11.50144360971349,3.821364932287999,-8.348145086066992,-12.57687891027166,2.3206518091974857,3.525054022559374,-11.919854280510002,-9.941008445106817,10.817658042273273,-1.2455328571260722,-0.5273840980062232,-3.1197299077734044,11.10057387527796
2016-10-18,-5.918110276380169,-0.8453017343786584,1.4435215805996648,-2.3268789102716596,3.3206518091974857,0.10838735589270954,2.6634790528233268,-4.816008445106824,7.692658042273273,5.129467142873928,5.222615901993777,7.255270092226603,2.3922405419446164
2016-10-19,7.665223056953174,9.36303159895467,7.443521580599665,6.756454423061683,18.820651809197486,16.233387355892717,2.9134790528233268,-0.8160084451068244,22.692658042273273,19.129467142873928,20.472615901993777,23.88027009222661,17.017240541944616
2016-10-20,6.518164233423768,13.826799714896701,13.23518824726635,12.256454423061683,22.15398514253083,18.525054022559374,10.955145719489984,10.975658221559847,28.734324708939944,27.5461338095406,24.68094923532712,27.546936758893267,20.767240541944616
2016-10-21,12.290223056953174,0.8213649322879988,6.1101882472663505,8.506454423061683,14.653985142530829,10.650054022559374,12.37181238615667,22.975658221559847,21.775991375606615,19.83780047620727,20.097615901993777,24.50527009222661,10.808907208611274
2016-10-22,8.206889723619831,-1.8036350677120012,4.943521580599665,4.42312108972834,7.2789851425308285,7.900054022559374,9.99681238615667,14.350658221559847,15.525991375606615,13.671133809540585,12.847615901993777,18.588603425559924,1.6422405419446164
2016-10-23,0.5402230569531739,-3.053635067712001,3.2351882472663505,1.1731210897283404,7.070651809197486,11.900054022559374,5.663479052823327,11.183991554893183,7.692658042273273,14.421133809540585,18.347615901993777,21.338603425559924,3.8089072086112736
2016-10-24,-2.709776943046826,-6.095301734378658,-1.3064784194003352,-3.243545576938317,5.862318475864171,5.900054022559374,2.1218123861566696,3.725658221559847,12.900991375606615,9.296133809540585,9.389282568660434,10.796936758893267,-3.149426124722048
2016-10-25,-1.3347769430468261,-5.928635067712001,-7.556478419400335,-7.368545576938324,3.4039851425308285,0.19172068922603103,-0.8365209471766732,1.725658221559847,7.817658042273273,3.5878004762072635,10.472615901993777,11.421936758893267,-2.649426124722048
2016-10-26,-1.6919198001896874,-3.178635067712001,-1.7648117527336495,-1.8268789102716596,4.4039851425308285,8.191720689226031,-5.0031876138433375,6.892324888226511,-8.932341957726727,7.462800476207271,12.30594923532712,15.088603425559924,10.892240541944616
2016-10-27,-10.209776943046826,-4.886968401045344,-11.389811752733657,-5.868545576938324,1.8623184758641642,-2.8916126441072905,-5.586520947176673,-6.357675111773485,5.317658042273273,-4.912199523792744,0.2642825686604482,-3.3697299077734044,10.22557387527796
2016-10-28,-12.334776943046826,-5.595301734378658,-9.056478419400335,-7.368545576938324,-8.8043481908025,-10.891612644107298,-0.0031876138433375445,-8.524341778440153,-10.807341957726727,-18.245532857126072,-11.527384098006223,-9.953063241106733,-0.06609279138872637
2016-10-29,-16.918110276380162,-8.136968401045344,3.443521580599665,4.756454423061683,-27.679348190802507,-23.683279310773962,8.538479052823327,6.642324888226511,-24.72400862439339,-21.995532857126072,-21.527384098006223,-22.16139657444007,-26.899426124722048
2016-10-30,-14.084776943046826,-17.720301734378666,-14.681478419400328,-16.36854557693833,-21.09601485746917,-17.93327931077396,-10.086520947176673,-19.232675111773485,4.48432470893993,-16.787199523792744,-14.402384098006223,-13.369729907773404,-22.982759458055384
2016-10-31,3.331889723619831,-4.886968401045344,-4.681478419400335,-11.868545576938324,-10.096014857469171,-2.183279310773962,-17.211520947176673,-7.357675111773485,5.192658042273273,-3.495532857126072,-0.7357174313395518,-7.828063241106733,-4.149426124722048
2016-11-01,10.956889723619831,14.571364932287999,6.693521580599665,7.79812108972834,13.945651809197486,13.400054022559374,-8.003187613843338,8.392324888226511,16.942658042273273,9.004467142873928,21.472615901993777,19.38027009222661,6.808907208611274
2016-11-02,-1.543110276380169,-9.845301734378658,-5.848145086066992,-2.4102122436050024,1.8623184758641642,-4.724945977440626,3.9968123861566696,-3.399341778440153,17.150991375606615,-0.453866190459415,0.7226159019937768,1.0886034255599313,-10.607759458055384
2016-11-03,-0.5847769430468261,-10.095301734378658,-4.931478419400335,-6.993545576938324,-2.1793481908025143,0.6500540225593738,1.4134790528233268,-6.482675111773485,2.0259913756066084,4.129467142873928,5.097615901993777,5.046936758893267,-6.274426124722048
2016-11-04,12.623556390286517,-2.428635067712001,-1.8481450860669923,-0.9935455769383168,4.0289851425308285,0.7393397368450891,-6.544854280510009,-4.441008445106824,5.942658042273273,2.2128004762072635,10.180949235327112,4.963603425559924,12.183907208611274
2016-11-05,5.331889723619831,-3.886968401045344,-7.181478419400335,-6.868545576938324,5.070651809197486,10.275054022559374,-7.7531876138433375,0.22565822155984705,3.0259913756066084,5.379467142873928,11.389282568660434,7.130270092226603,6.017240541944616
2016-11-06,-7.959776943046826,-16.095301734378666,-10.723145086066992,-7.20187891027166,-2.2210148574691715,-4.724945977440626,-3.8365209471766732,-7.066008445106824,-11.224008624393399,-1.7871995237927365,0.09761590199377679,3.171936758893267,-13.732759458055384
2016-11-07,-4.584776943046826,-12.803635067712001,-7.056478419400335,-7.20187891027166,13.445651809197486,-2.599945977440626,-1.0865209471766732,-4.566008445106824,14.817658042273273,-0.7455328571260722,-5.163253663223614,3.0052700922266027,-11.899426124722055
2016-11-08,-5.876443609713483,-8.928635067712001,-1.3898117527336495,-4.743545576938324,9.070651809197486,-1.683279310773969,3.455145719489984,-6.649341778440153,19.400991375606615,0.4628004762072635,-2.235717431339552,4.046936758893267,-14.316092791388712
2016-11-09,-6.793110276380169,-1.9286350677120012,-2.5981450860669923,-9.618545576938324,4.987318475864171,7.983387355892717,-6.169854280510016,2.9339915548931756,7.567658042273273,5.671133809540585,5.1809492353271125,10.588603425559924,-0.6494261247220479
2016-11-10,3.1235563902865167,-8.261968401045344,-6.223145086066992,-11.20187891027166,2.5706518091974857,3.441720689226031,-0.7531876138433375,2.0173248882265185,-1.9323419577267273,5.296133809540585,12.68094923532712,9.046936758893267,-3.3577594580553836
2016-11-11,12.123556390286517,9.154698265621327,-2.6398117527336495,3.131454423061683,16.23731847586417,22.650054022559374,-4.461520947176673,8.892324888226511,-2.390675291060063,20.671133809540585,26.55594923532712,12.671936758893267,28.683907208611288
2016-11-12,7.873556390286517,11.779698265621327,-7.431478419400335,5.131454423061683,15.445651809197486,15.941720689226031,19.913479052823327,1.7673248882265185,-6.765675291060056,9.046133809540585,24.014282568660434,12.546936758893267,24.975573875277945
2016-11-13,-5.543110276380169,-16.845301734378666,-10.556478419400335,-4.95187891027166,-15.512681524135843,-15.016612644107298,-8.128187613843338,-0.44100844510682435,-19.39067529106006,-13.412199523792744,-12.860717431339555,-8.744729907773404,-15.066092791388712
2016-11-14,-1.466355890415251,-12.136968401045344,-5.681478419400335,-13.57687891027166,5.0289851425308285,-4.1416126441072905,-7.544854280510009,-1.6076751117734815,-7.099008624393399,-0.5371995237927365,4.847615901993777,8.005270092226603,4.517240541944616
2016-11-15,-15.62644360971349,-5.428635067712001,-17.764811752733664,-10.660212243604995,-1.8876815241358358,-4.349945977440626,-4.3781876138433375,-3.649341778440153,-12.599008624393399,-1.6205328571260722,1.4309492353271125,5.838603425559924,-0.8160927913887264
2016-11-16,-11.793110276380169,1.488031598954656,-25.389811752733664,-10.868545576938324,8.362318475864171,9.816720689226031,-10.169854280510009,1.100658221559847,-2.2240086243933916,1.7544671428739278,6.1809492353271125,4.463603425559924,12.35057387527796
2016-11-17,-18.959776943046826,-9.178635067712001,-23.514811752733664,-17.910212243604988,-12.221014857469171,-5.933279310773962,-9.419854280510009,-13.482675111773489,-15.724008624393399,-8.745532857126072,-7.777384098006223,-10.619729907773404,-1.3994261247220479
2016-11-18,-7.3764436097134904,-5.553635067712001,-12.931478419400328,-11.410212243604995,-0.4710148574691715,-0.308279310773969,-7.6281876138433375,6.225658221559847,-7.640675291060056,2.5878004762072635,0.3476159019937768,7.463603425559924,2.1839072086112736
2016-11-19,-9.584776943046826,-9.470301734378658,-2.9731450860669923,1.8397877563949976,-14.637681524135843,-5.3916126441072905,9.955145719489984,-11.816008445106817,-15.265675291060056,-1.8705328571260722,-4.652384098006223,-5.411396574440062,-17.232759458055384
2016-11-20,-15.043110276380162,-9.220301734378658,-3.431478419400335,-2.1602122436050024,-7.2210148574691715,-6.474945977440626,1.580145719489984,-8.899341778440153,-12.349008624393399,-3.453866190459408,-5.985717431339552,-5.744729907773404,-4.524426124722048
2016-11-21,-1.2097769430468261,4.821364932287999,5.818521580599665,7.256454423061683,2.3623184758641713,10.233387355892717,9.49681238615667,17.225658221559847,-2.7240086243933916,14.21280047620727,13.30594923532712,15.25527009222661,9.10057387527796
2016-11-22,9.081889723619831,8.404698265621342,5.776854913933008,7.339787756394998,13.445651809197486,19.31672068922603,9.955145719489984,19.80899155489319,5.067658042273273,21.671133809540585,27.222615901993777,24.25527009222661,2.6422405419446164
2016-11-23,14.581889723619845,11.571364932287999,11.443521580599665,13.17312108972834,17.11231847586417,22.44172068922603,5.49681238615667,27.18399155489319,8.98432470893993,25.754467142873928,25.93094923532712,28.88027009222661,-8.524426124722048
2016-11-24,-4.709776943046826,-1.9286350677120012,-11.139811752733657,0.048121089728340394,-13.012681524135843,-10.641612644107298,-1.3365209471766732,12.433991554893183,-11.974008624393399,-7.662199523792744,-3.652384098006223,-5.786396574440062,-10.18128886982008
2016-11-25,0.6652230569531739,17.48803159895467,1.6518549139330077,-12.20187891027166,6.737318475864171,6.108387355892717,-10.128187613843338,9.475658221559847,18.275991375606615,-4.870532857126072,-10.985717431339555,-15.661396574440065,-1.1494261247220479
2016-11-26,-26.376443609713498,-12.095301734378658,-7.223145086066992,-3.7018789102716596,-24.34601485746917,-24.26661264410729,1.330145719489984,-22.024341778440153,-21.09900862439339,-26.412199523792736,-19.902384098006223,-25.9947299077734,-21.482759458055384
2016-11-27,-14.168110276380162,-10.428635067712001,-3.681478419400335,-4.410212243605002,-24.97101485746917,-18.724945977440626,-1.7531876138433375,-2.3576751117734815,-13.557341957726727,-15.912199523792744,-23.610717431339555,-19.953063241106733,-31.357759458055384
2016-11-28,2.665223056953174,-0.13696840104534402,0.36018824726635046,0.048121089728340394,-7.012681524135836,-5.933279310773962,5.788479052823327,-4.274341778440153,-20.349008624393395,2.5878004762072635,2.097615901993777,-13.036396574440065,4.392240541944616
2016-11-29,-1.6264436097134833,38.15469826562131,8.193521580599665,20.50645442306167,8.945651809197486,6.233387355892717,-1.169854280510016,0.35065822155984705,-6.932341957726727,5.629467142873928,10.555949235327112,2.1302700922266027,16.933907208611274
2016-11-30,-6.001443609713483,12.696364932287999,0.6101882472663505,2.0481210897283404,3.1539851425308285,4.150054022559374,0.705145719489984,-16.60767511177349,-5.474008624393399,-9.370532857126072,-4.860717431339552,-6.078063241106733,12.767240541944616
2016-12-01,2.331889723619831,15.61303159895467,8.651854913933008,2.631454423061683,17.320651809197486,17.900054022559374,-4.8781876138433375,-10.274341778440153,0.025991375606608358,5.9628004762072635,8.805949235327112,0.13027009222660269,24.683907208611288
2016-12-02,17.290223056953174,0.988031598954656,1.8185215805996648,-1.9102122436050024,0.6956518091974857,3.525054022559374,-4.544854280510016,-9.857675111773489,-13.640675291060056,3.9628004762072635,10.430949235327112,-6.703063241106733,10.808907208611274
2016-12-03,10.331889723619831,-5.470301734378658,-4.3898117527336495,0.3397877563949976,-23.429348190802504,-15.183279310773955,5.955145719489984,-11.524341778440153,-21.09900862439339,-11.037199523792744,-18.73571743133956,-13.411396574440065,-19.691092791388712
2016-12-04,-5.793110276380169,0.07136493228799878,-5.306478419400335,-3.5352122436050024,-10.4293481908025,-10.474945977440626,0.8718123861566696,-2.4410084451068244,-15.849008624393399,-10.662199523792744,-8.527384098006223,-4.578063241106733,-7.566092791388719
2016-12-05,-9.12644360971349,-8.053635067712001,1.4851882472663505,4.839787756394998,-25.054348190802507,-21.18327931077396,11.205145719489984,-13.191008445106817,-15.76567529106006,-14.9538661904594,-18.73571743133956,-22.869729907773397,-20.982759458055384
2016-12-06,8.665223056953174,13.821364932287999,-3.8481450860669923,-2.368545576938317,-3.3460148574691715,0.40005402255937383,-2.2531876138433375,5.8923248882265185,2.8176580422732727,3.379467142873928,-1.1107174313395518,-3.9947299077734044,-5.941092791388726
2016-12-07,-11.75144360971349,9.783321454027124,-5.764811752733657,-2.9518789102716596,-4.137681524135836,1.7750540225593738,5.24681238615667,-16.816008445106817,-10.099008624393399,-6.453866190459401,-6.069050764672895,-13.494729907773404,3.7672405419446164
2016-12-08,-5.251443609713483,5.696364932287999,-3.9731450860669923,-2.868545576938317,6.862318475864171,5.691720689226031,-22.461520947176673,-4.607675111773485,-11.765675291060056,3.796133809540585,11.889282568660434,-2.2447299077734044,18.767240541944616
2016-12-09,-5.376443609713483,-5.053635067712001,-10.514811752733657,-9.243545576938324,-12.4293481908025,-10.766612644107298,-2.6281876138433375,-10.524341778440153,-18.3490086243934,-9.162199523792744,-5.360717431339552,-10.536396574440062,3.6839072086112736
2016-12-10,15.456889723619845,8.654698265621342,2.7768549139330077,-1.7852122436050024,-20.137681524135843,-13.808279310773955,7.538479052823327,11.683991554893183,-7.807341957726727,-11.870532857126072,-1.3607174313395518,-10.161396574440062,-11.774426124722055
2016-12-11,1.5937944855246045,-10.386968401045344,-5.889811752733657,-5.243545576938324,-9.137681524135843,-14.558279310773955,2.9134790528233268,-6.149341778440153,3.8176580422732727,-14.287199523792744,-9.235717431339552,-15.578063241106733,-8.607759458055384
2016-12-12,-0.9597769430468261,11.529698265621327,-0.056478419400335156,1.5481210897283404,-2.4293481908025143,6.191720689226031,3.4968123861566696,-8.31600844510682,-1.265675291060063,8.83780047620727,12.93094923532712,-11.119729907773404,10.683907208611274
2016-12-13,-13.47114057941046,13.196364932287999,-6.989811752733665,0.4231210897283404,7.737318475864171,7.066720689226031,1.205145719489984,-11.274341778440153,3.85932470893993,-1.2871995237927365,-4.819050764672895,-4.078063241106733,19.517240541944616
2016-12-14,1.4985563902865167,-12.845301734378666,-11.923145086066995,-8.035212243605002,-13.346014857469171,-9.141612644107298,-5.544854280510016,-8.899341778440153,-3.0573419577267273,-5.578866190459401,-7.110717431339552,-9.828063241106733,-7.024426124722048
2016-12-15,-8.75144360971349,4.904698265621342,-6.639811752733657,-4.118545576938324,-2.3043481908025143,3.900054022559374,1.0384790528233268,-10.357675111773489,-9.099008624393399,-8.162199523792744,-7.735717431339552,-8.744729907773404,8.767240541944616
2016-12-16,-0.33477694304682615,5.196364932287999,-2.181478419400335,1.1314544230616832,-1.1376815241358358,2.400054022559374,-6.044854280510016,1.0589915548931756,-17.9740086243934,5.796133809540585,10.680949235327112,-4.078063241106733,14.808907208611274
2016-12-17,-15.334776943046826,-6.303635067712001,-17.098145086066992,-15.160212243604988,-11.221014857469171,-1.5166126441072905,-11.961520947176673,-7.941008445106821,-11.807341957726727,-12.0788661904594,-3.1940507646728946,-12.911396574440065,1.4755738752779592
2016-12-18,-23.251443609713498,-14.095301734378666,-18.014811752733664,-16.86854557693833,-20.887681524135843,-17.849945977440626,-11.378187613843345,-11.649341778440153,-25.22400862439339,-17.537199523792744,-10.985717431339555,-18.66139657444007,-9.899426124722048
2016-12-19,-3.668110276380169,6.154698265621342,-3.431478419400335,-2.743545576938317,0.1956518091974857,5.233387355892717,-34.04485428051001,-3.7326751117734815,0.8593247089399298,2.171133809540585,3.5559492353271125,-6.994729907773404,15.267240541944616
2016-12-20,-17.37644360971349,-2.9703017343786584,-23.775776665014366,-16.86854557693833,-8.846014857469171,-4.0166126441072905,-33.54485428051001,-9.69100844510682,-11.474008624393399,-15.3288661904594,-7.944050764672895,-19.494729907773397,1.8505738752779592
2016-12-21,-13.50144360971349,-2.636968401045344,-1.3898117527336495,-0.1185455769383168,-8.346014857469171,-11.891612644107298,-8.419854280510009,3.475658221559847,-13.182341957726727,-5.245532857126072,-5.027384098006223,-2.7447299077734044,-1.1494261247220479
2016-12-22,-4.376443609713483,6.654698265621342,-1.6398117527336495,5.756454423061683,4.945651809197486,-1.933279310773969,4.913479052823327,12.017324888226504,1.4843247089399298,8.671133809540585,9.222615901993777,9.463603425559924,9.642240541944616
2016-12-23,-11.084776943046826,11.11303159895467,-2.9731450860669923,-0.3685455769383168,-6.3460148574691715,-10.474945977440626,7.330145719489984,-9.232675111773485,4.35932470893993,-7.662199523792744,-4.194050764672895,-7.036396574440062,-5.774426124722048
2016-12-24,-18.876443609713498,-6.386968401045344,3.068521580599665,2.7147877563949976,-11.637681524135843,-19.30827931077396,9.080145719489984,-9.44100844510682,-10.432341957726727,-14.120532857126072,-13.277384098006223,-15.703063241106733,-16.191092791388712
2016-12-25,-18.626443609713498,2.6546982656213416,11.068521580599665,6.214787756394998,-13.346014857469171,-14.849945977440626,15.62181238615667,-10.316008445106817,-11.932341957726727,-12.5788661904594,-13.444050764672891,-12.078063241106733,-23.691092791388716
2016-12-26,-17.75144360971349,-5.553635067712001,4.2351882472663505,5.506454423061683,-11.6793481908025,-18.766612644107298,9.913479052823327,-12.024341778440153,-13.015675291060056,-16.037199523792744,-15.444050764672888,-18.91139657444007,-18.566092791388712
2016-12-27,-13.668110276380169,-0.5953017343786584,1.1935215805996648,5.339787756394998,-23.13768152413584,-12.933279310773955,11.163479052823327,-18.399341778440153,-22.640675291060063,-15.779623766216982,-16.73571743133956,-21.994729907773397,-11.607759458055384
2016-12-28,-4.459776943046826,-10.386968401045344,-5.889811752733657,0.1314544230616832,-17.637681524135843,-14.183279310773955,6.163479052823327,-19.149341778440153,-20.76567529106006,,,-23.16139657444007,-34.982759458055384
2016-12-29,-16.62644360971349,-8.303635067712001,-2.2231450860669923,-0.03521224360500241,-13.596014857469171,-10.183279310773955,6.413479052823327,-10.941008445106817,-17.007341957726727,,,,
2016-12-30,-12.543110276380169,-3.261968401045344,-4.806478419400335,-1.9102122436050024,-6.5960148574691715,-2.183279310773962,5.37181238615667,-3.8576751117734815,,,,,
2016-12-31,-5.209776943046826,-10.011968401045344,-3.431478419400335,-1.4102122436050024,-1.3876815241358358,7.650054022559374,2.4134790528233268,-1.774341778440153,,,,,
